clip_id,video_id,subject_id,reason,valid_frame_ratio,maximum_missing_run
S04_low_vigilant_000028,S04_low_vigilant,04,valid_frame_ratio_below_threshold,0.625,11
S04_low_vigilant_000056,S04_low_vigilant,04,valid_frame_ratio_below_threshold,0.45,22
S04_low_vigilant_000644,S04_low_vigilant,04,missing_run_above_threshold,0.9,4
S04_low_vigilant_001372,S04_low_vigilant,04,missing_run_above_threshold,0.85,6
S04_low_vigilant_002044,S04_low_vigilant,04,valid_frame_ratio_below_threshold,0.7,12
S04_low_vigilant_002072,S04_low_vigilant,04,valid_frame_ratio_below_threshold,0.425,11
S04_low_vigilant_002100,S04_low_vigilant,04,valid_frame_ratio_below_threshold,0.6,6
S04_low_vigilant_002128,S04_low_vigilant,04,valid_frame_ratio_below_threshold,0.6,4
S04_low_vigilant_002156,S04_low_vigilant,04,valid_frame_ratio_below_threshold,0.675,5
S08_drowsy_000616,S08_drowsy,08,missing_run_above_threshold,0.825,5
S08_drowsy_000672,S08_drowsy,08,valid_frame_ratio_below_threshold,0.425,14
S08_drowsy_000700,S08_drowsy,08,valid_frame_ratio_below_threshold,0.525,18
S08_drowsy_000728,S08_drowsy,08,valid_frame_ratio_below_threshold,0.525,18
S08_drowsy_000756,S08_drowsy,08,missing_run_above_threshold,0.85,6
S08_drowsy_001092,S08_drowsy,08,valid_frame_ratio_below_threshold,0.65,7
S08_drowsy_001372,S08_drowsy,08,valid_frame_ratio_below_threshold,0.675,8
S08_drowsy_001400,S08_drowsy,08,valid_frame_ratio_below_threshold,0.575,6
S08_low_vigilant_001876,S08_low_vigilant,08,missing_run_above_threshold,0.9,4
S08_low_vigilant_001904,S08_low_vigilant,08,missing_run_above_threshold,0.9,4
S11_low_vigilant_000140,S11_low_vigilant,11,missing_run_above_threshold,0.8,5
S11_low_vigilant_000448,S11_low_vigilant,11,missing_run_above_threshold,0.875,5
S12_drowsy_001372,S12_drowsy,12,missing_run_above_threshold,0.875,5
S13_drowsy_002184,S13_drowsy,13,missing_run_above_threshold,0.85,5
S13_drowsy_002212,S13_drowsy,13,missing_run_above_threshold,0.825,5
S13_low_vigilant_000224,S13_low_vigilant,13,missing_run_above_threshold,0.875,5
S13_low_vigilant_000252,S13_low_vigilant,13,valid_frame_ratio_below_threshold,0.775,5
S14_drowsy_001764,S14_drowsy,14,missing_run_above_threshold,0.9,4
S17_drowsy_000420,S17_drowsy,17,missing_run_above_threshold,0.825,5
S17_drowsy_000448,S17_drowsy,17,missing_run_above_threshold,0.825,5
S17_drowsy_001204,S17_drowsy,17,valid_frame_ratio_below_threshold,0.55,9
S17_drowsy_001932,S17_drowsy,17,missing_run_above_threshold,0.85,6
S17_drowsy_002856,S17_drowsy,17,missing_run_above_threshold,0.875,4
S18_drowsy_000084,S18_drowsy,18,missing_run_above_threshold,0.825,7
S18_drowsy_000140,S18_drowsy,18,valid_frame_ratio_below_threshold,0.725,5
S18_drowsy_000168,S18_drowsy,18,valid_frame_ratio_below_threshold,0.75,6
S18_drowsy_000196,S18_drowsy,18,valid_frame_ratio_below_threshold,0.775,5
S18_drowsy_000224,S18_drowsy,18,valid_frame_ratio_below_threshold,0.75,5
S18_drowsy_000280,S18_drowsy,18,missing_run_above_threshold,0.85,5
S18_drowsy_000308,S18_drowsy,18,missing_run_above_threshold,0.875,5
S18_drowsy_000476,S18_drowsy,18,valid_frame_ratio_below_threshold,0.575,14
S18_drowsy_000504,S18_drowsy,18,valid_frame_ratio_below_threshold,0.7,4
S18_drowsy_000532,S18_drowsy,18,missing_run_above_threshold,0.875,5
S18_drowsy_000616,S18_drowsy,18,missing_run_above_threshold,0.85,5
S18_drowsy_000644,S18_drowsy,18,missing_run_above_threshold,0.85,6
S18_drowsy_000784,S18_drowsy,18,valid_frame_ratio_below_threshold,0.75,6
S18_drowsy_000812,S18_drowsy,18,missing_run_above_threshold,0.85,4
S18_drowsy_000840,S18_drowsy,18,valid_frame_ratio_below_threshold,0.7,11
S18_drowsy_000868,S18_drowsy,18,valid_frame_ratio_below_threshold,0.35,26
S18_drowsy_001064,S18_drowsy,18,valid_frame_ratio_below_threshold,0.75,4
S18_drowsy_001092,S18_drowsy,18,valid_frame_ratio_below_threshold,0.6,10
S18_drowsy_001120,S18_drowsy,18,valid_frame_ratio_below_threshold,0.7,11
S18_drowsy_001148,S18_drowsy,18,missing_run_above_threshold,0.85,4
S18_drowsy_001176,S18_drowsy,18,missing_run_above_threshold,0.9,4
S18_drowsy_001260,S18_drowsy,18,missing_run_above_threshold,0.825,6
S18_drowsy_001344,S18_drowsy,18,missing_run_above_threshold,0.825,4
S18_drowsy_001372,S18_drowsy,18,missing_run_above_threshold,0.85,4
S18_drowsy_001652,S18_drowsy,18,valid_frame_ratio_below_threshold,0.775,7
S18_drowsy_001680,S18_drowsy,18,valid_frame_ratio_below_threshold,0.45,10
S18_drowsy_001708,S18_drowsy,18,missing_run_above_threshold,0.8,8
S18_drowsy_001764,S18_drowsy,18,valid_frame_ratio_below_threshold,0.775,4
S18_drowsy_001960,S18_drowsy,18,missing_run_above_threshold,0.825,7
S18_drowsy_002520,S18_drowsy,18,valid_frame_ratio_below_threshold,0.7,8
S18_drowsy_002548,S18_drowsy,18,valid_frame_ratio_below_threshold,0.775,9
S18_drowsy_002940,S18_drowsy,18,missing_run_above_threshold,0.8,4
S18_drowsy_002968,S18_drowsy,18,valid_frame_ratio_below_threshold,0.65,7
S18_drowsy_002996,S18_drowsy,18,valid_frame_ratio_below_threshold,0.475,21
S18_low_vigilant_001512,S18_low_vigilant,18,valid_frame_ratio_below_threshold,0.675,10
S18_low_vigilant_002240,S18_low_vigilant,18,missing_run_above_threshold,0.9,4
S18_low_vigilant_002268,S18_low_vigilant,18,missing_run_above_threshold,0.9,4
S18_low_vigilant_002464,S18_low_vigilant,18,missing_run_above_threshold,0.875,4
S20_alert_000000,S20_alert,20,valid_frame_ratio_below_threshold,0.65,10
S20_alert_000840,S20_alert,20,missing_run_above_threshold,0.85,6
S20_drowsy_000924,S20_drowsy,20,valid_frame_ratio_below_threshold,0.6,9
S20_drowsy_000952,S20_drowsy,20,valid_frame_ratio_below_threshold,0.4,13
S20_drowsy_000980,S20_drowsy,20,valid_frame_ratio_below_threshold,0.65,13
S20_drowsy_001232,S20_drowsy,20,valid_frame_ratio_below_threshold,0.65,5
S20_drowsy_001260,S20_drowsy,20,valid_frame_ratio_below_threshold,0.65,8
S20_drowsy_001288,S20_drowsy,20,valid_frame_ratio_below_threshold,0.575,8
S20_drowsy_001316,S20_drowsy,20,missing_run_above_threshold,0.875,4
S20_drowsy_001484,S20_drowsy,20,valid_frame_ratio_below_threshold,0.65,9
S20_drowsy_001512,S20_drowsy,20,valid_frame_ratio_below_threshold,0.475,21
S20_drowsy_001568,S20_drowsy,20,valid_frame_ratio_below_threshold,0.675,11
S20_drowsy_001596,S20_drowsy,20,valid_frame_ratio_below_threshold,0.025,39
S20_drowsy_001624,S20_drowsy,20,valid_frame_ratio_below_threshold,0.575,14
S20_drowsy_001736,S20_drowsy,20,valid_frame_ratio_below_threshold,0.625,14
S20_drowsy_001764,S20_drowsy,20,valid_frame_ratio_below_threshold,0.0,40
S20_drowsy_001792,S20_drowsy,20,valid_frame_ratio_below_threshold,0.0,40
S20_drowsy_001820,S20_drowsy,20,valid_frame_ratio_below_threshold,0.0,40
S20_drowsy_001848,S20_drowsy,20,valid_frame_ratio_below_threshold,0.0,40
S20_drowsy_001876,S20_drowsy,20,valid_frame_ratio_below_threshold,0.0,40
S20_drowsy_001904,S20_drowsy,20,valid_frame_ratio_below_threshold,0.0,40
S20_drowsy_001932,S20_drowsy,20,valid_frame_ratio_below_threshold,0.45,22
S20_drowsy_002016,S20_drowsy,20,valid_frame_ratio_below_threshold,0.75,8
S20_drowsy_002212,S20_drowsy,20,missing_run_above_threshold,0.9,4
S20_drowsy_002240,S20_drowsy,20,valid_frame_ratio_below_threshold,0.7,12
S20_drowsy_002268,S20_drowsy,20,valid_frame_ratio_below_threshold,0.125,34
S20_drowsy_002296,S20_drowsy,20,valid_frame_ratio_below_threshold,0.375,17
S20_drowsy_002324,S20_drowsy,20,valid_frame_ratio_below_threshold,0.0,40
S20_drowsy_002352,S20_drowsy,20,valid_frame_ratio_below_threshold,0.0,40
S20_drowsy_002380,S20_drowsy,20,valid_frame_ratio_below_threshold,0.65,12
S20_drowsy_002492,S20_drowsy,20,valid_frame_ratio_below_threshold,0.775,9
S20_drowsy_002520,S20_drowsy,20,valid_frame_ratio_below_threshold,0.075,37
S20_drowsy_002548,S20_drowsy,20,valid_frame_ratio_below_threshold,0.0,40
S20_drowsy_002576,S20_drowsy,20,valid_frame_ratio_below_threshold,0.55,16
S20_drowsy_002632,S20_drowsy,20,valid_frame_ratio_below_threshold,0.55,18
S20_drowsy_002660,S20_drowsy,20,valid_frame_ratio_below_threshold,0.0,40
S20_drowsy_002688,S20_drowsy,20,valid_frame_ratio_below_threshold,0.0,40
S20_drowsy_002716,S20_drowsy,20,valid_frame_ratio_below_threshold,0.0,40
S20_drowsy_002744,S20_drowsy,20,valid_frame_ratio_below_threshold,0.025,35
S20_drowsy_002772,S20_drowsy,20,valid_frame_ratio_below_threshold,0.425,13
S20_drowsy_002856,S20_drowsy,20,valid_frame_ratio_below_threshold,0.225,30
S20_drowsy_002884,S20_drowsy,20,valid_frame_ratio_below_threshold,0.125,20
S20_drowsy_002912,S20_drowsy,20,valid_frame_ratio_below_threshold,0.05,28
S20_drowsy_002940,S20_drowsy,20,valid_frame_ratio_below_threshold,0.15,29
S20_drowsy_002968,S20_drowsy,20,valid_frame_ratio_below_threshold,0.275,11
S20_drowsy_002996,S20_drowsy,20,valid_frame_ratio_below_threshold,0.55,9
S20_drowsy_003024,S20_drowsy,20,valid_frame_ratio_below_threshold,0.675,7
S20_drowsy_003052,S20_drowsy,20,valid_frame_ratio_below_threshold,0.75,4
S20_drowsy_003080,S20_drowsy,20,valid_frame_ratio_below_threshold,0.35,18
S20_drowsy_003108,S20_drowsy,20,valid_frame_ratio_below_threshold,0.075,14
S20_drowsy_003136,S20_drowsy,20,valid_frame_ratio_below_threshold,0.55,9
S20_drowsy_003304,S20_drowsy,20,valid_frame_ratio_below_threshold,0.6,9
S20_drowsy_003332,S20_drowsy,20,valid_frame_ratio_below_threshold,0.075,37
S20_drowsy_003360,S20_drowsy,20,valid_frame_ratio_below_threshold,0.05,33
S20_drowsy_003388,S20_drowsy,20,valid_frame_ratio_below_threshold,0.275,13
S20_drowsy_003416,S20_drowsy,20,valid_frame_ratio_below_threshold,0.75,8
S20_drowsy_003444,S20_drowsy,20,valid_frame_ratio_below_threshold,0.7,4
S20_low_vigilant_000000,S20_low_vigilant,20,missing_run_above_threshold,0.875,5
S20_low_vigilant_002996,S20_low_vigilant,20,valid_frame_ratio_below_threshold,0.65,14
S21_drowsy_002716,S21_drowsy,21,missing_run_above_threshold,0.825,4
S22_drowsy_002240,S22_drowsy,22,missing_run_above_threshold,0.8,6
S22_drowsy_002268,S22_drowsy,22,missing_run_above_threshold,0.825,7
S22_drowsy_002744,S22_drowsy,22,missing_run_above_threshold,0.85,5
S22_drowsy_002772,S22_drowsy,22,valid_frame_ratio_below_threshold,0.775,9
S23_alert_000280,S23_alert,23,valid_frame_ratio_below_threshold,0.5,20
S23_alert_000308,S23_alert,23,valid_frame_ratio_below_threshold,0.375,25
S23_alert_001764,S23_alert,23,valid_frame_ratio_below_threshold,0.35,26
S23_alert_001792,S23_alert,23,valid_frame_ratio_below_threshold,0.525,19
S23_drowsy_000084,S23_drowsy,23,valid_frame_ratio_below_threshold,0.75,5
S23_drowsy_002128,S23_drowsy,23,missing_run_above_threshold,0.9,4
S23_drowsy_002156,S23_drowsy,23,missing_run_above_threshold,0.9,4
S23_drowsy_002408,S23_drowsy,23,valid_frame_ratio_below_threshold,0.6,16
S23_drowsy_002436,S23_drowsy,23,valid_frame_ratio_below_threshold,0.375,25
S23_low_vigilant_000644,S23_low_vigilant,23,valid_frame_ratio_below_threshold,0.45,22
S23_low_vigilant_000672,S23_low_vigilant,23,valid_frame_ratio_below_threshold,0.625,15
S25_low_vigilant_002268,S25_low_vigilant,25,missing_run_above_threshold,0.85,5
S26_drowsy_002744,S26_drowsy,26,missing_run_above_threshold,0.875,4
S26_drowsy_002968,S26_drowsy,26,missing_run_above_threshold,0.875,4
S26_drowsy_002996,S26_drowsy,26,missing_run_above_threshold,0.875,4
S26_drowsy_003332,S26_drowsy,26,valid_frame_ratio_below_threshold,0.725,8
S29_low_vigilant_002184,S29_low_vigilant,29,missing_run_above_threshold,0.85,4
S31_drowsy_000084,S31_drowsy,31,missing_run_above_threshold,0.8,5
S31_drowsy_000336,S31_drowsy,31,missing_run_above_threshold,0.85,5
S31_drowsy_000588,S31_drowsy,31,missing_run_above_threshold,0.9,4
S31_drowsy_000616,S31_drowsy,31,valid_frame_ratio_below_threshold,0.35,19
S31_drowsy_000644,S31_drowsy,31,valid_frame_ratio_below_threshold,0.65,5
S31_drowsy_000700,S31_drowsy,31,missing_run_above_threshold,0.875,4
S31_drowsy_000728,S31_drowsy,31,valid_frame_ratio_below_threshold,0.5,5
S31_drowsy_000756,S31_drowsy,31,valid_frame_ratio_below_threshold,0.65,4
S31_drowsy_000784,S31_drowsy,31,valid_frame_ratio_below_threshold,0.7,4
S31_drowsy_000812,S31_drowsy,31,valid_frame_ratio_below_threshold,0.525,4
S31_drowsy_000840,S31_drowsy,31,valid_frame_ratio_below_threshold,0.325,4
S31_drowsy_000868,S31_drowsy,31,valid_frame_ratio_below_threshold,0.45,5
S31_drowsy_000896,S31_drowsy,31,valid_frame_ratio_below_threshold,0.225,15
S31_drowsy_000924,S31_drowsy,31,valid_frame_ratio_below_threshold,0.35,7
S31_drowsy_000952,S31_drowsy,31,valid_frame_ratio_below_threshold,0.65,2
S31_drowsy_000980,S31_drowsy,31,valid_frame_ratio_below_threshold,0.775,2
S31_drowsy_001008,S31_drowsy,31,valid_frame_ratio_below_threshold,0.65,3
S31_drowsy_001036,S31_drowsy,31,valid_frame_ratio_below_threshold,0.625,6
S31_drowsy_001092,S31_drowsy,31,valid_frame_ratio_below_threshold,0.6,12
S31_drowsy_001120,S31_drowsy,31,valid_frame_ratio_below_threshold,0.625,12
S31_drowsy_001148,S31_drowsy,31,missing_run_above_threshold,0.825,4
S31_drowsy_001176,S31_drowsy,31,missing_run_above_threshold,0.85,4
S31_drowsy_001428,S31_drowsy,31,valid_frame_ratio_below_threshold,0.75,2
S31_drowsy_001456,S31_drowsy,31,valid_frame_ratio_below_threshold,0.7,5
S31_drowsy_001484,S31_drowsy,31,valid_frame_ratio_below_threshold,0.475,8
S31_drowsy_001932,S31_drowsy,31,valid_frame_ratio_below_threshold,0.5,14
S31_drowsy_001960,S31_drowsy,31,valid_frame_ratio_below_threshold,0.0,40
S31_drowsy_001988,S31_drowsy,31,valid_frame_ratio_below_threshold,0.3,22
S31_drowsy_002016,S31_drowsy,31,valid_frame_ratio_below_threshold,0.7,2
S31_drowsy_002100,S31_drowsy,31,missing_run_above_threshold,0.85,4
S31_drowsy_002156,S31_drowsy,31,valid_frame_ratio_below_threshold,0.525,8
S31_drowsy_002184,S31_drowsy,31,valid_frame_ratio_below_threshold,0.725,3
S31_drowsy_002268,S31_drowsy,31,valid_frame_ratio_below_threshold,0.65,4
S31_drowsy_002296,S31_drowsy,31,valid_frame_ratio_below_threshold,0.2,21
S31_drowsy_002324,S31_drowsy,31,valid_frame_ratio_below_threshold,0.475,7
S31_drowsy_002352,S31_drowsy,31,valid_frame_ratio_below_threshold,0.625,3
S31_drowsy_002380,S31_drowsy,31,valid_frame_ratio_below_threshold,0.475,10
S31_drowsy_002408,S31_drowsy,31,valid_frame_ratio_below_threshold,0.375,9
S31_drowsy_002436,S31_drowsy,31,valid_frame_ratio_below_threshold,0.475,9
S31_drowsy_002464,S31_drowsy,31,valid_frame_ratio_below_threshold,0.35,13
S31_drowsy_002492,S31_drowsy,31,valid_frame_ratio_below_threshold,0.3,13
S31_drowsy_002520,S31_drowsy,31,valid_frame_ratio_below_threshold,0.375,6
S31_drowsy_002548,S31_drowsy,31,valid_frame_ratio_below_threshold,0.425,6
S31_drowsy_002576,S31_drowsy,31,valid_frame_ratio_below_threshold,0.625,4
S31_drowsy_002604,S31_drowsy,31,valid_frame_ratio_below_threshold,0.4,12
S31_drowsy_002632,S31_drowsy,31,valid_frame_ratio_below_threshold,0.075,13
S31_drowsy_002660,S31_drowsy,31,valid_frame_ratio_below_threshold,0.15,25
S31_drowsy_002688,S31_drowsy,31,valid_frame_ratio_below_threshold,0.525,3
S31_drowsy_002716,S31_drowsy,31,valid_frame_ratio_below_threshold,0.525,3
S31_drowsy_002744,S31_drowsy,31,valid_frame_ratio_below_threshold,0.7,4
S31_drowsy_002856,S31_drowsy,31,missing_run_above_threshold,0.825,4
S31_drowsy_002884,S31_drowsy,31,valid_frame_ratio_below_threshold,0.675,5
S31_drowsy_002912,S31_drowsy,31,valid_frame_ratio_below_threshold,0.45,12
S31_drowsy_002940,S31_drowsy,31,valid_frame_ratio_below_threshold,0.65,9
S31_drowsy_002996,S31_drowsy,31,valid_frame_ratio_below_threshold,0.675,4
S31_drowsy_003080,S31_drowsy,31,valid_frame_ratio_below_threshold,0.575,7
S31_drowsy_003108,S31_drowsy,31,valid_frame_ratio_below_threshold,0.3,8
S31_drowsy_003136,S31_drowsy,31,valid_frame_ratio_below_threshold,0.225,14
S31_drowsy_003164,S31_drowsy,31,valid_frame_ratio_below_threshold,0.65,5
S33_drowsy_000672,S33_drowsy,33,missing_run_above_threshold,0.85,4
S33_drowsy_001288,S33_drowsy,33,missing_run_above_threshold,0.9,4
S33_drowsy_001372,S33_drowsy,33,missing_run_above_threshold,0.85,5
S33_drowsy_001400,S33_drowsy,33,missing_run_above_threshold,0.875,5
S33_drowsy_001540,S33_drowsy,33,missing_run_above_threshold,0.85,5
S33_drowsy_001596,S33_drowsy,33,missing_run_above_threshold,0.8,8
S33_drowsy_001736,S33_drowsy,33,missing_run_above_threshold,0.8,5
S33_drowsy_001764,S33_drowsy,33,missing_run_above_threshold,0.85,4
S33_drowsy_001848,S33_drowsy,33,valid_frame_ratio_below_threshold,0.725,4
S33_drowsy_001876,S33_drowsy,33,missing_run_above_threshold,0.8,4
S33_drowsy_001932,S33_drowsy,33,valid_frame_ratio_below_threshold,0.75,7
S33_drowsy_001960,S33_drowsy,33,valid_frame_ratio_below_threshold,0.775,6
S33_drowsy_002016,S33_drowsy,33,valid_frame_ratio_below_threshold,0.725,7
S33_drowsy_002100,S33_drowsy,33,valid_frame_ratio_below_threshold,0.7,10
S33_drowsy_002128,S33_drowsy,33,valid_frame_ratio_below_threshold,0.6,10
S33_drowsy_002156,S33_drowsy,33,missing_run_above_threshold,0.825,4
S33_drowsy_002212,S33_drowsy,33,missing_run_above_threshold,0.825,5
S33_drowsy_002240,S33_drowsy,33,valid_frame_ratio_below_threshold,0.55,6
S33_drowsy_002268,S33_drowsy,33,valid_frame_ratio_below_threshold,0.7,4
S33_drowsy_002296,S33_drowsy,33,missing_run_above_threshold,0.825,5
S33_drowsy_002408,S33_drowsy,33,missing_run_above_threshold,0.8,6
S33_drowsy_002548,S33_drowsy,33,missing_run_above_threshold,0.8,4
S33_drowsy_002576,S33_drowsy,33,valid_frame_ratio_below_threshold,0.725,6
S33_low_vigilant_000728,S33_low_vigilant,33,missing_run_above_threshold,0.85,6
S33_low_vigilant_000840,S33_low_vigilant,33,missing_run_above_threshold,0.9,4
S33_low_vigilant_001736,S33_low_vigilant,33,missing_run_above_threshold,0.9,4
S35_alert_002660,S35_alert,35,missing_run_above_threshold,0.825,7
S35_drowsy_003192,S35_drowsy,35,missing_run_above_threshold,0.85,6
S35_drowsy_003220,S35_drowsy,35,missing_run_above_threshold,0.85,6
S35_low_vigilant_002436,S35_low_vigilant,35,missing_run_above_threshold,0.8,5
S37_drowsy_001820,S37_drowsy,37,missing_run_above_threshold,0.9,4
S37_drowsy_001848,S37_drowsy,37,missing_run_above_threshold,0.9,4
S37_drowsy_002884,S37_drowsy,37,missing_run_above_threshold,0.8,7
S38_drowsy_000140,S38_drowsy,38,missing_run_above_threshold,0.875,5
S38_drowsy_000168,S38_drowsy,38,valid_frame_ratio_below_threshold,0.675,9
S38_drowsy_000196,S38_drowsy,38,missing_run_above_threshold,0.85,6
S38_drowsy_000532,S38_drowsy,38,valid_frame_ratio_below_threshold,0.65,8
S38_drowsy_000560,S38_drowsy,38,valid_frame_ratio_below_threshold,0.75,8
S38_drowsy_000644,S38_drowsy,38,valid_frame_ratio_below_threshold,0.675,7
S38_drowsy_000700,S38_drowsy,38,valid_frame_ratio_below_threshold,0.775,5
S38_drowsy_000728,S38_drowsy,38,valid_frame_ratio_below_threshold,0.5,6
S38_drowsy_000812,S38_drowsy,38,valid_frame_ratio_below_threshold,0.375,23
S38_drowsy_000840,S38_drowsy,38,valid_frame_ratio_below_threshold,0.475,21
S38_drowsy_001036,S38_drowsy,38,valid_frame_ratio_below_threshold,0.225,24
S38_drowsy_001064,S38_drowsy,38,valid_frame_ratio_below_threshold,0.025,22
S38_drowsy_001092,S38_drowsy,38,valid_frame_ratio_below_threshold,0.6,16
S38_drowsy_001288,S38_drowsy,38,missing_run_above_threshold,0.875,5
S38_drowsy_001316,S38_drowsy,38,valid_frame_ratio_below_threshold,0.475,15
S38_drowsy_001344,S38_drowsy,38,valid_frame_ratio_below_threshold,0.45,19
S38_drowsy_001372,S38_drowsy,38,valid_frame_ratio_below_threshold,0.125,34
S38_drowsy_001400,S38_drowsy,38,missing_run_above_threshold,0.825,6
S41_drowsy_000924,S41_drowsy,41,missing_run_above_threshold,0.875,5
S41_drowsy_001148,S41_drowsy,41,missing_run_above_threshold,0.9,4
S41_drowsy_001176,S41_drowsy,41,missing_run_above_threshold,0.9,4
S41_drowsy_001400,S41_drowsy,41,valid_frame_ratio_below_threshold,0.45,21
S41_drowsy_001820,S41_drowsy,41,valid_frame_ratio_below_threshold,0.525,19
S41_drowsy_001848,S41_drowsy,41,valid_frame_ratio_below_threshold,0.0,40
S41_drowsy_001876,S41_drowsy,41,valid_frame_ratio_below_threshold,0.0,40
S41_drowsy_001904,S41_drowsy,41,valid_frame_ratio_below_threshold,0.0,40
S41_drowsy_001932,S41_drowsy,41,valid_frame_ratio_below_threshold,0.0,40
S41_drowsy_001960,S41_drowsy,41,valid_frame_ratio_below_threshold,0.0,40
S41_drowsy_001988,S41_drowsy,41,valid_frame_ratio_below_threshold,0.0,40
S41_drowsy_002016,S41_drowsy,41,valid_frame_ratio_below_threshold,0.0,40
S41_drowsy_002044,S41_drowsy,41,valid_frame_ratio_below_threshold,0.0,40
S41_drowsy_002072,S41_drowsy,41,valid_frame_ratio_below_threshold,0.0,40
S41_drowsy_002100,S41_drowsy,41,valid_frame_ratio_below_threshold,0.0,40
S41_drowsy_002128,S41_drowsy,41,valid_frame_ratio_below_threshold,0.0,40
S41_drowsy_002156,S41_drowsy,41,valid_frame_ratio_below_threshold,0.0,40
S41_drowsy_002184,S41_drowsy,41,valid_frame_ratio_below_threshold,0.0,40
S41_drowsy_002212,S41_drowsy,41,valid_frame_ratio_below_threshold,0.0,40
S41_drowsy_002240,S41_drowsy,41,valid_frame_ratio_below_threshold,0.0,40
S41_drowsy_002268,S41_drowsy,41,valid_frame_ratio_below_threshold,0.025,21
S41_drowsy_002296,S41_drowsy,41,valid_frame_ratio_below_threshold,0.0,40
S41_drowsy_002324,S41_drowsy,41,valid_frame_ratio_below_threshold,0.0,40
S41_drowsy_002352,S41_drowsy,41,valid_frame_ratio_below_threshold,0.0,40
S41_drowsy_002380,S41_drowsy,41,valid_frame_ratio_below_threshold,0.0,40
S41_drowsy_002408,S41_drowsy,41,valid_frame_ratio_below_threshold,0.0,40
S41_drowsy_002436,S41_drowsy,41,valid_frame_ratio_below_threshold,0.0,40
S41_drowsy_002464,S41_drowsy,41,valid_frame_ratio_below_threshold,0.0,40
S41_drowsy_002492,S41_drowsy,41,valid_frame_ratio_below_threshold,0.0,40
S41_drowsy_002520,S41_drowsy,41,valid_frame_ratio_below_threshold,0.0,40
S41_drowsy_002548,S41_drowsy,41,valid_frame_ratio_below_threshold,0.0,40
S41_drowsy_002576,S41_drowsy,41,valid_frame_ratio_below_threshold,0.0,40
S41_drowsy_002604,S41_drowsy,41,valid_frame_ratio_below_threshold,0.0,40
S41_drowsy_002632,S41_drowsy,41,valid_frame_ratio_below_threshold,0.0,40
S41_drowsy_002660,S41_drowsy,41,valid_frame_ratio_below_threshold,0.0,40
S41_drowsy_002688,S41_drowsy,41,valid_frame_ratio_below_threshold,0.025,21
S41_drowsy_002716,S41_drowsy,41,valid_frame_ratio_below_threshold,0.075,19
S41_drowsy_002744,S41_drowsy,41,valid_frame_ratio_below_threshold,0.0,40
S41_drowsy_002772,S41_drowsy,41,valid_frame_ratio_below_threshold,0.0,40
S41_drowsy_002800,S41_drowsy,41,valid_frame_ratio_below_threshold,0.65,14
S42_low_vigilant_000252,S42_low_vigilant,42,valid_frame_ratio_below_threshold,0.775,4
S42_low_vigilant_000280,S42_low_vigilant,42,missing_run_above_threshold,0.9,4
S42_low_vigilant_000420,S42_low_vigilant,42,missing_run_above_threshold,0.8,8
S42_low_vigilant_000448,S42_low_vigilant,42,missing_run_above_threshold,0.825,7
S42_low_vigilant_001848,S42_low_vigilant,42,missing_run_above_threshold,0.825,4
S42_low_vigilant_001876,S42_low_vigilant,42,missing_run_above_threshold,0.8,4
S44_low_vigilant_000588,S44_low_vigilant,44,missing_run_above_threshold,0.875,4
S45_low_vigilant_002212,S45_low_vigilant,45,missing_run_above_threshold,0.9,4
S46_drowsy_000112,S46_drowsy,46,missing_run_above_threshold,0.825,4
S46_drowsy_000196,S46_drowsy,46,missing_run_above_threshold,0.825,4
S46_drowsy_002408,S46_drowsy,46,valid_frame_ratio_below_threshold,0.725,10
S46_drowsy_002436,S46_drowsy,46,valid_frame_ratio_below_threshold,0.725,8
S46_drowsy_002604,S46_drowsy,46,valid_frame_ratio_below_threshold,0.625,7
S48_drowsy_002996,S48_drowsy,48,missing_run_above_threshold,0.875,4
S48_drowsy_003024,S48_drowsy,48,missing_run_above_threshold,0.85,4
S49_drowsy_2_000084,S49_drowsy_2,49,valid_frame_ratio_below_threshold,0.675,3
S49_drowsy_2_000112,S49_drowsy_2,49,valid_frame_ratio_below_threshold,0.5,7
S49_drowsy_2_000140,S49_drowsy_2,49,valid_frame_ratio_below_threshold,0.25,12
S49_drowsy_2_000168,S49_drowsy_2,49,valid_frame_ratio_below_threshold,0.7,10
S49_drowsy_2_000224,S49_drowsy_2,49,missing_run_above_threshold,0.825,5
S49_drowsy_2_000252,S49_drowsy_2,49,valid_frame_ratio_below_threshold,0.275,18
S49_drowsy_2_000280,S49_drowsy_2,49,valid_frame_ratio_below_threshold,0.75,9
S49_drowsy_2_000392,S49_drowsy_2,49,valid_frame_ratio_below_threshold,0.775,3
S49_drowsy_2_000504,S49_drowsy_2,49,valid_frame_ratio_below_threshold,0.725,5
S49_drowsy_2_000532,S49_drowsy_2,49,missing_run_above_threshold,0.8,4
S49_drowsy_2_000560,S49_drowsy_2,49,valid_frame_ratio_below_threshold,0.5,10
S49_drowsy_2_000616,S49_drowsy_2,49,missing_run_above_threshold,0.875,5
S49_drowsy_2_000672,S49_drowsy_2,49,valid_frame_ratio_below_threshold,0.675,4
S49_drowsy_2_000700,S49_drowsy_2,49,valid_frame_ratio_below_threshold,0.725,5
S49_drowsy_2_000728,S49_drowsy_2,49,valid_frame_ratio_below_threshold,0.65,6
S49_drowsy_2_000756,S49_drowsy_2,49,valid_frame_ratio_below_threshold,0.75,6
S49_drowsy_2_000784,S49_drowsy_2,49,valid_frame_ratio_below_threshold,0.7,5
S49_drowsy_2_000812,S49_drowsy_2,49,valid_frame_ratio_below_threshold,0.525,5
S49_drowsy_2_000840,S49_drowsy_2,49,valid_frame_ratio_below_threshold,0.575,6
S49_drowsy_2_000980,S49_drowsy_2,49,valid_frame_ratio_below_threshold,0.5,13
S49_drowsy_2_001008,S49_drowsy_2,49,valid_frame_ratio_below_threshold,0.7,7
S49_drowsy_2_001036,S49_drowsy_2,49,missing_run_above_threshold,0.825,5
S49_drowsy_2_001064,S49_drowsy_2,49,valid_frame_ratio_below_threshold,0.225,22
S49_drowsy_2_001092,S49_drowsy_2,49,valid_frame_ratio_below_threshold,0.425,8
S49_drowsy_2_001120,S49_drowsy_2,49,valid_frame_ratio_below_threshold,0.625,9
S49_drowsy_2_001148,S49_drowsy_2,49,valid_frame_ratio_below_threshold,0.725,5
S49_drowsy_2_001176,S49_drowsy_2,49,valid_frame_ratio_below_threshold,0.45,5
S49_drowsy_2_001204,S49_drowsy_2,49,valid_frame_ratio_below_threshold,0.625,4
S49_drowsy_2_001260,S49_drowsy_2,49,valid_frame_ratio_below_threshold,0.725,5
S49_drowsy_2_001288,S49_drowsy_2,49,valid_frame_ratio_below_threshold,0.725,6
S49_drowsy_2_001316,S49_drowsy_2,49,valid_frame_ratio_below_threshold,0.725,6
S49_drowsy_2_001400,S49_drowsy_2,49,valid_frame_ratio_below_threshold,0.375,12
S49_drowsy_2_001428,S49_drowsy_2,49,valid_frame_ratio_below_threshold,0.4,9
S49_drowsy_2_001484,S49_drowsy_2,49,missing_run_above_threshold,0.875,5
S49_drowsy_2_001568,S49_drowsy_2,49,valid_frame_ratio_below_threshold,0.65,8
S49_drowsy_2_001596,S49_drowsy_2,49,valid_frame_ratio_below_threshold,0.25,24
S49_drowsy_2_001624,S49_drowsy_2,49,valid_frame_ratio_below_threshold,0.475,10
S49_drowsy_2_001708,S49_drowsy_2,49,valid_frame_ratio_below_threshold,0.675,7
S49_drowsy_2_001736,S49_drowsy_2,49,valid_frame_ratio_below_threshold,0.575,7
S49_drowsy_2_001820,S49_drowsy_2,49,missing_run_above_threshold,0.825,4
S49_drowsy_2_001848,S49_drowsy_2,49,missing_run_above_threshold,0.9,4
S49_drowsy_2_001876,S49_drowsy_2,49,missing_run_above_threshold,0.875,5
S49_drowsy_2_001932,S49_drowsy_2,49,valid_frame_ratio_below_threshold,0.55,14
S49_drowsy_2_001960,S49_drowsy_2,49,valid_frame_ratio_below_threshold,0.0,40
S49_drowsy_2_001988,S49_drowsy_2,49,valid_frame_ratio_below_threshold,0.0,40
S49_drowsy_2_002016,S49_drowsy_2,49,valid_frame_ratio_below_threshold,0.55,14
S49_drowsy_2_002100,S49_drowsy_2,49,missing_run_above_threshold,0.85,5
S49_drowsy_2_002128,S49_drowsy_2,49,missing_run_above_threshold,0.8,5
S49_drowsy_2_002156,S49_drowsy_2,49,valid_frame_ratio_below_threshold,0.55,9
S49_drowsy_2_002184,S49_drowsy_2,49,valid_frame_ratio_below_threshold,0.775,5
S49_drowsy_2_002268,S49_drowsy_2,49,valid_frame_ratio_below_threshold,0.25,26
S49_drowsy_2_002296,S49_drowsy_2,49,valid_frame_ratio_below_threshold,0.5,13
S49_drowsy_2_002408,S49_drowsy_2,49,valid_frame_ratio_below_threshold,0.675,9
S49_drowsy_2_002436,S49_drowsy_2,49,valid_frame_ratio_below_threshold,0.45,21
S49_drowsy_2_002464,S49_drowsy_2,49,valid_frame_ratio_below_threshold,0.375,24
S49_drowsy_2_002492,S49_drowsy_2,49,valid_frame_ratio_below_threshold,0.05,38
S49_drowsy_2_002520,S49_drowsy_2,49,valid_frame_ratio_below_threshold,0.625,10
S49_drowsy_2_002548,S49_drowsy_2,49,valid_frame_ratio_below_threshold,0.225,25
S49_drowsy_2_002576,S49_drowsy_2,49,valid_frame_ratio_below_threshold,0.35,12
S49_drowsy_2_002604,S49_drowsy_2,49,missing_run_above_threshold,0.8,5
S49_drowsy_2_002688,S49_drowsy_2,49,valid_frame_ratio_below_threshold,0.775,4
S49_drowsy_2_002800,S49_drowsy_2,49,missing_run_above_threshold,0.8,8
S49_drowsy_2_002828,S49_drowsy_2,49,valid_frame_ratio_below_threshold,0.475,16
S49_drowsy_2_002884,S49_drowsy_2,49,valid_frame_ratio_below_threshold,0.575,12
S49_drowsy_2_002912,S49_drowsy_2,49,valid_frame_ratio_below_threshold,0.625,8
S49_drowsy_2_002940,S49_drowsy_2,49,valid_frame_ratio_below_threshold,0.75,4
S49_drowsy_2_002968,S49_drowsy_2,49,valid_frame_ratio_below_threshold,0.35,22
S49_drowsy_2_002996,S49_drowsy_2,49,valid_frame_ratio_below_threshold,0.0,40
S49_drowsy_2_003024,S49_drowsy_2,49,valid_frame_ratio_below_threshold,0.0,40
S49_drowsy_2_003052,S49_drowsy_2,49,valid_frame_ratio_below_threshold,0.0,40
S49_drowsy_2_003080,S49_drowsy_2,49,valid_frame_ratio_below_threshold,0.0,40
S49_drowsy_2_003108,S49_drowsy_2,49,valid_frame_ratio_below_threshold,0.0,40
S49_drowsy_2_003136,S49_drowsy_2,49,valid_frame_ratio_below_threshold,0.025,24
S49_drowsy_2_003164,S49_drowsy_2,49,valid_frame_ratio_below_threshold,0.0,40
S49_drowsy_2_003192,S49_drowsy_2,49,valid_frame_ratio_below_threshold,0.0,40
S49_drowsy_2_003220,S49_drowsy_2,49,valid_frame_ratio_below_threshold,0.0,40
S49_drowsy_2_003248,S49_drowsy_2,49,valid_frame_ratio_below_threshold,0.0,40
S49_drowsy_2_003276,S49_drowsy_2,49,valid_frame_ratio_below_threshold,0.0,40
S49_drowsy_2_003304,S49_drowsy_2,49,valid_frame_ratio_below_threshold,0.0,40
S49_drowsy_2_003332,S49_drowsy_2,49,valid_frame_ratio_below_threshold,0.0,40
S49_drowsy_2_003360,S49_drowsy_2,49,valid_frame_ratio_below_threshold,0.0,40
S49_drowsy_2_003388,S49_drowsy_2,49,valid_frame_ratio_below_threshold,0.0,40
S49_drowsy_2_003416,S49_drowsy_2,49,valid_frame_ratio_below_threshold,0.0,40
S49_drowsy_2_003444,S49_drowsy_2,49,valid_frame_ratio_below_threshold,0.0,40
S49_drowsy_2_003472,S49_drowsy_2,49,valid_frame_ratio_below_threshold,0.0,40
S49_drowsy_2_003500,S49_drowsy_2,49,valid_frame_ratio_below_threshold,0.125,35
S49_drowsy_2_003528,S49_drowsy_2,49,missing_run_above_threshold,0.825,7
S49_drowsy_2_003584,S49_drowsy_2,49,missing_run_above_threshold,0.85,4
S49_drowsy_2_003612,S49_drowsy_2,49,valid_frame_ratio_below_threshold,0.175,19
S49_drowsy_2_003640,S49_drowsy_2,49,valid_frame_ratio_below_threshold,0.0,40
S49_drowsy_2_003668,S49_drowsy_2,49,valid_frame_ratio_below_threshold,0.0,40
S49_drowsy_2_003696,S49_drowsy_2,49,valid_frame_ratio_below_threshold,0.65,14
S49_drowsy_2_003724,S49_drowsy_2,49,valid_frame_ratio_below_threshold,0.7,12
S49_drowsy_2_003752,S49_drowsy_2,49,valid_frame_ratio_below_threshold,0.0,40
S49_drowsy_2_003780,S49_drowsy_2,49,valid_frame_ratio_below_threshold,0.0,40
S49_drowsy_2_003808,S49_drowsy_2,49,valid_frame_ratio_below_threshold,0.0,40
S49_drowsy_2_003836,S49_drowsy_2,49,valid_frame_ratio_below_threshold,0.0,40
S49_drowsy_2_003864,S49_drowsy_2,49,valid_frame_ratio_below_threshold,0.0,40
S49_drowsy_2_003892,S49_drowsy_2,49,valid_frame_ratio_below_threshold,0.0,40
S49_drowsy_2_003920,S49_drowsy_2,49,valid_frame_ratio_below_threshold,0.0,40
S49_drowsy_2_003948,S49_drowsy_2,49,valid_frame_ratio_below_threshold,0.575,17
S49_drowsy_2_003976,S49_drowsy_2,49,valid_frame_ratio_below_threshold,0.7,12
S49_drowsy_2_004004,S49_drowsy_2,49,valid_frame_ratio_below_threshold,0.0,40
S49_drowsy_2_004032,S49_drowsy_2,49,valid_frame_ratio_below_threshold,0.0,40
S49_drowsy_2_004060,S49_drowsy_2,49,valid_frame_ratio_below_threshold,0.0,40
S49_drowsy_2_004088,S49_drowsy_2,49,valid_frame_ratio_below_threshold,0.0,40
S49_drowsy_2_004116,S49_drowsy_2,49,valid_frame_ratio_below_threshold,0.0,40
S49_drowsy_2_004144,S49_drowsy_2,49,valid_frame_ratio_below_threshold,0.0,40
S49_drowsy_2_004172,S49_drowsy_2,49,valid_frame_ratio_below_threshold,0.0,40
S49_drowsy_2_004200,S49_drowsy_2,49,valid_frame_ratio_below_threshold,0.0,40
S49_drowsy_2_004228,S49_drowsy_2,49,valid_frame_ratio_below_threshold,0.0,40
S49_drowsy_2_004256,S49_drowsy_2,49,valid_frame_ratio_below_threshold,0.0,40
S49_drowsy_2_004284,S49_drowsy_2,49,valid_frame_ratio_below_threshold,0.0,40
S49_drowsy_2_004312,S49_drowsy_2,49,valid_frame_ratio_below_threshold,0.0,40
S49_drowsy_2_004340,S49_drowsy_2,49,valid_frame_ratio_below_threshold,0.6,13
S49_drowsy_2_004368,S49_drowsy_2,49,valid_frame_ratio_below_threshold,0.25,18
S49_drowsy_2_004396,S49_drowsy_2,49,valid_frame_ratio_below_threshold,0.025,24
S49_drowsy_2_004424,S49_drowsy_2,49,valid_frame_ratio_below_threshold,0.1,36
S49_drowsy_2_004452,S49_drowsy_2,49,valid_frame_ratio_below_threshold,0.575,9
S49_drowsy_2_004480,S49_drowsy_2,49,valid_frame_ratio_below_threshold,0.075,37
S49_drowsy_2_004508,S49_drowsy_2,49,valid_frame_ratio_below_threshold,0.025,29
S49_drowsy_2_004536,S49_drowsy_2,49,valid_frame_ratio_below_threshold,0.075,29
S49_drowsy_2_004564,S49_drowsy_2,49,valid_frame_ratio_below_threshold,0.05,35
S49_drowsy_2_004592,S49_drowsy_2,49,valid_frame_ratio_below_threshold,0.0,40
S49_drowsy_2_004620,S49_drowsy_2,49,valid_frame_ratio_below_threshold,0.0,40
S49_drowsy_2_004648,S49_drowsy_2,49,valid_frame_ratio_below_threshold,0.0,40
S49_drowsy_2_004676,S49_drowsy_2,49,valid_frame_ratio_below_threshold,0.2,32
S49_drowsy_2_004704,S49_drowsy_2,49,valid_frame_ratio_below_threshold,0.675,4
S49_drowsy_2_004732,S49_drowsy_2,49,valid_frame_ratio_below_threshold,0.175,19
S49_drowsy_2_004760,S49_drowsy_2,49,valid_frame_ratio_below_threshold,0.0,40
S49_drowsy_2_004788,S49_drowsy_2,49,valid_frame_ratio_below_threshold,0.0,40
S49_drowsy_2_004816,S49_drowsy_2,49,valid_frame_ratio_below_threshold,0.075,37
S49_drowsy_2_004844,S49_drowsy_2,49,valid_frame_ratio_below_threshold,0.725,9
S49_drowsy_2_004956,S49_drowsy_2,49,valid_frame_ratio_below_threshold,0.65,10
S49_drowsy_2_004984,S49_drowsy_2,49,valid_frame_ratio_below_threshold,0.5,6
S49_drowsy_2_005040,S49_drowsy_2,49,valid_frame_ratio_below_threshold,0.725,10
S49_drowsy_2_005068,S49_drowsy_2,49,valid_frame_ratio_below_threshold,0.65,9
S49_drowsy_2_005264,S49_drowsy_2,49,valid_frame_ratio_below_threshold,0.775,7
S49_drowsy_2_005292,S49_drowsy_2,49,missing_run_above_threshold,0.825,7
S49_drowsy_2_005320,S49_drowsy_2,49,valid_frame_ratio_below_threshold,0.7,12
S49_drowsy_2_005348,S49_drowsy_2,49,valid_frame_ratio_below_threshold,0.45,15
S51_low_vigilant_002548,S51_low_vigilant,51,missing_run_above_threshold,0.875,4
S51_low_vigilant_002576,S51_low_vigilant,51,missing_run_above_threshold,0.875,4
S52_drowsy_000476,S52_drowsy,52,missing_run_above_threshold,0.825,4
S55_drowsy_000084,S55_drowsy,55,missing_run_above_threshold,0.875,4
S55_drowsy_000168,S55_drowsy,55,missing_run_above_threshold,0.825,4
S55_drowsy_000280,S55_drowsy,55,valid_frame_ratio_below_threshold,0.75,5
S55_drowsy_000616,S55_drowsy,55,missing_run_above_threshold,0.875,4
S55_drowsy_000644,S55_drowsy,55,missing_run_above_threshold,0.8,5
S55_drowsy_000672,S55_drowsy,55,valid_frame_ratio_below_threshold,0.5,5
S55_drowsy_001008,S55_drowsy,55,valid_frame_ratio_below_threshold,0.775,6
S55_drowsy_001092,S55_drowsy,55,valid_frame_ratio_below_threshold,0.5,13
S55_drowsy_001120,S55_drowsy,55,valid_frame_ratio_below_threshold,0.7,6
S55_drowsy_001428,S55_drowsy,55,valid_frame_ratio_below_threshold,0.5,11
S55_drowsy_001456,S55_drowsy,55,valid_frame_ratio_below_threshold,0.725,6
S55_drowsy_001540,S55_drowsy,55,valid_frame_ratio_below_threshold,0.525,13
S55_drowsy_001848,S55_drowsy,55,missing_run_above_threshold,0.875,4
S55_drowsy_002156,S55_drowsy,55,valid_frame_ratio_below_threshold,0.6,6
S55_drowsy_002184,S55_drowsy,55,valid_frame_ratio_below_threshold,0.7,6
S55_drowsy_002380,S55_drowsy,55,valid_frame_ratio_below_threshold,0.775,3
S55_drowsy_002492,S55_drowsy,55,missing_run_above_threshold,0.8,7
S55_drowsy_002520,S55_drowsy,55,valid_frame_ratio_below_threshold,0.675,5
S55_drowsy_002744,S55_drowsy,55,valid_frame_ratio_below_threshold,0.65,4
S55_drowsy_002800,S55_drowsy,55,valid_frame_ratio_below_threshold,0.55,17
S55_drowsy_002828,S55_drowsy,55,valid_frame_ratio_below_threshold,0.575,13
S55_drowsy_003052,S55_drowsy,55,valid_frame_ratio_below_threshold,0.75,3
S55_drowsy_003080,S55_drowsy,55,valid_frame_ratio_below_threshold,0.575,17
S55_drowsy_003108,S55_drowsy,55,valid_frame_ratio_below_threshold,0.325,18
S56_drowsy_002856,S56_drowsy,56,valid_frame_ratio_below_threshold,0.7,8
S56_drowsy_002884,S56_drowsy,56,missing_run_above_threshold,0.875,4
S58_drowsy_000140,S58_drowsy,58,valid_frame_ratio_below_threshold,0.775,8
S58_drowsy_000168,S58_drowsy,58,valid_frame_ratio_below_threshold,0.725,10
