baseline_probability,class_index,clip_id,occluded_probability,p_alert,p_drowsy,p_low_vigilant,probability_delta,region,video_id
0.9181656241416931,1,S02_alert_000000,0.4307320713996887,0.18412894010543823,0.38513898849487305,0.4307320713996887,0.4874335527420044,eyes,S02_alert
0.9181656241416931,1,S02_alert_000000,0.9024809002876282,0.013231937773525715,0.08428709208965302,0.9024809002876282,0.01568472385406494,mouth,S02_alert
0.7354487776756287,1,S02_alert_000028,0.19056905806064606,0.19120588898658752,0.6182250380516052,0.19056905806064606,0.5448797345161438,eyes,S02_alert
0.7354487776756287,1,S02_alert_000028,0.9776673913002014,0.005016815848648548,0.017315790057182312,0.9776673913002014,-0.24221861362457275,mouth,S02_alert
0.9833745956420898,1,S02_alert_000056,0.33412671089172363,0.21567021310329437,0.4502031207084656,0.33412671089172363,0.6492478847503662,eyes,S02_alert
0.9833745956420898,1,S02_alert_000056,0.9959291815757751,0.0018274318426847458,0.002243414055556059,0.9959291815757751,-0.012554585933685303,mouth,S02_alert
0.9763043522834778,1,S02_alert_000084,0.3080066442489624,0.18665997684001923,0.5053333640098572,0.3080066442489624,0.6682977080345154,eyes,S02_alert
0.9763043522834778,1,S02_alert_000084,0.9865857362747192,0.0049171424470841885,0.008497125469148159,0.9865857362747192,-0.010281383991241455,mouth,S02_alert
0.9564188122749329,1,S02_alert_000112,0.3302335739135742,0.2448761910200119,0.4248901605606079,0.3302335739135742,0.6261852383613586,eyes,S02_alert
0.9564188122749329,1,S02_alert_000112,0.9923533797264099,0.0035505047999322414,0.004096093587577343,0.9923533797264099,-0.03593456745147705,mouth,S02_alert
0.968841552734375,1,S02_alert_000140,0.3129918873310089,0.3016005754470825,0.38540759682655334,0.3129918873310089,0.6558496952056885,eyes,S02_alert
0.968841552734375,1,S02_alert_000140,0.9952322840690613,0.0020471331663429737,0.0027205124497413635,0.9952322840690613,-0.02639073133468628,mouth,S02_alert
0.9113789200782776,1,S02_alert_000168,0.41017577052116394,0.3001771569252014,0.28964704275131226,0.41017577052116394,0.501203179359436,eyes,S02_alert
0.9113789200782776,1,S02_alert_000168,0.9968655705451965,0.0015499230939894915,0.0015844723675400019,0.9968655705451965,-0.08548665046691895,mouth,S02_alert
0.9540935754776001,1,S02_alert_000196,0.3685702681541443,0.21893936395645142,0.4124903380870819,0.3685702681541443,0.5855233073234558,eyes,S02_alert
0.9540935754776001,1,S02_alert_000196,0.9941153526306152,0.0033748303540050983,0.0025097376201301813,0.9941153526306152,-0.04002177715301514,mouth,S02_alert
0.8754913806915283,1,S02_alert_000224,0.34564805030822754,0.28462910652160645,0.3697228729724884,0.34564805030822754,0.5298433303833008,eyes,S02_alert
0.8754913806915283,1,S02_alert_000224,0.9949139356613159,0.00258382735773921,0.0025022809859365225,0.9949139356613159,-0.1194225549697876,mouth,S02_alert
0.8034663200378418,1,S02_alert_000252,0.6812567114830017,0.17350128293037415,0.14524206519126892,0.6812567114830017,0.12220960855484009,eyes,S02_alert
0.8034663200378418,1,S02_alert_000252,0.9915658235549927,0.005305060185492039,0.003129140939563513,0.9915658235549927,-0.18809950351715088,mouth,S02_alert
0.9960518479347229,1,S02_alert_000280,0.9142581224441528,0.05232618749141693,0.03341573849320412,0.9142581224441528,0.08179372549057007,eyes,S02_alert
0.9960518479347229,1,S02_alert_000280,0.9941478967666626,0.0034934566356241703,0.002358675003051758,0.9941478967666626,0.0019039511680603027,mouth,S02_alert
0.9868016242980957,1,S02_alert_000308,0.803764283657074,0.07591831684112549,0.12031746655702591,0.803764283657074,0.18303734064102173,eyes,S02_alert
0.9868016242980957,1,S02_alert_000308,0.9922550916671753,0.004104722756892443,0.0036402277182787657,0.9922550916671753,-0.00545346736907959,mouth,S02_alert
0.9918004870414734,1,S02_alert_000336,0.7540094256401062,0.04110446199774742,0.20488615334033966,0.7540094256401062,0.2377910614013672,eyes,S02_alert
0.9918004870414734,1,S02_alert_000336,0.9551646113395691,0.011889850720763206,0.03294554352760315,0.9551646113395691,0.0366358757019043,mouth,S02_alert
0.9418895840644836,1,S02_alert_000364,0.5934367179870605,0.22172677516937256,0.18483656644821167,0.5934367179870605,0.3484528660774231,eyes,S02_alert
0.9418895840644836,1,S02_alert_000364,0.9882807731628418,0.005393169354647398,0.0063260518945753574,0.9882807731628418,-0.046391189098358154,mouth,S02_alert
0.7321078777313232,1,S02_alert_000392,0.4794161319732666,0.1922842413187027,0.3282996416091919,0.4794161319732666,0.25269174575805664,eyes,S02_alert
0.7321078777313232,1,S02_alert_000392,0.9911730885505676,0.004710244946181774,0.004116732627153397,0.9911730885505676,-0.2590652108192444,mouth,S02_alert
0.7743111848831177,1,S02_alert_000420,0.2758532762527466,0.22148065268993378,0.5026660561561584,0.2758532762527466,0.4984579086303711,eyes,S02_alert
0.7743111848831177,1,S02_alert_000420,0.9948558807373047,0.0024316576309502125,0.0027124241460114717,0.9948558807373047,-0.220544695854187,mouth,S02_alert
0.7363744378089905,1,S02_alert_000448,0.45126599073410034,0.15951970219612122,0.38921430706977844,0.45126599073410034,0.28510844707489014,eyes,S02_alert
0.7363744378089905,1,S02_alert_000448,0.9958645105361938,0.0021362833213061094,0.001999171683564782,0.9958645105361938,-0.25949007272720337,mouth,S02_alert
0.8484221696853638,1,S02_alert_000476,0.5032804012298584,0.0910806730389595,0.4056389033794403,0.5032804012298584,0.34514176845550537,eyes,S02_alert
0.8484221696853638,1,S02_alert_000476,0.9965937733650208,0.0016826647333800793,0.001723489840514958,0.9965937733650208,-0.14817160367965698,mouth,S02_alert
0.779691755771637,1,S02_alert_000504,0.517784595489502,0.11372854560613632,0.36848685145378113,0.517784595489502,0.261907160282135,eyes,S02_alert
0.779691755771637,1,S02_alert_000504,0.9960559606552124,0.0019128284184262156,0.0020312010310590267,0.9960559606552124,-0.21636420488357544,mouth,S02_alert
0.7086589932441711,1,S02_alert_000532,0.6492864489555359,0.08432825654745102,0.26638534665107727,0.6492864489555359,0.059372544288635254,eyes,S02_alert
0.7086589932441711,1,S02_alert_000532,0.9952487349510193,0.002637123689055443,0.0021142023615539074,0.9952487349510193,-0.28658974170684814,mouth,S02_alert
