average_normalized_ear,average_normalized_mar,clip_id,p_alert,p_drowsy,p_low_vigilant,predicted_label,subject_id,true_label,valid_frame_ratio,video_id
0.4062987267971039,-0.006559467408806086,S02_alert_000000,0.022906269878149033,0.05892815813422203,0.9181656241416931,1,02,0,1.0,S02_alert
0.4690265655517578,0.05237354710698128,S02_alert_000028,0.09336623549461365,0.17118503153324127,0.7354487776756287,1,02,0,1.0,S02_alert
0.4129435420036316,-0.06916774809360504,S02_alert_000056,0.006610840559005737,0.010014529339969158,0.9833745956420898,1,02,0,1.0,S02_alert
0.11598405987024307,-0.11415163427591324,S02_alert_000084,0.00949717778712511,0.014198514632880688,0.9763043522834778,1,02,0,1.0,S02_alert
0.34584543108940125,-0.12648534774780273,S02_alert_000112,0.022548289969563484,0.0210329070687294,0.9564188122749329,1,02,0,1.0,S02_alert
0.2544945180416107,-0.07104451954364777,S02_alert_000140,0.01901809312403202,0.01214038860052824,0.968841552734375,1,02,0,1.0,S02_alert
0.3793967366218567,-0.11568520218133926,S02_alert_000168,0.04816810041666031,0.04045295715332031,0.9113789200782776,1,02,0,1.0,S02_alert
0.7244480848312378,-0.05949829891324043,S02_alert_000196,0.03571607545018196,0.010190384462475777,0.9540935754776001,1,02,0,1.0,S02_alert
0.7579326629638672,0.011128488928079605,S02_alert_000224,0.12004944682121277,0.0044592139311134815,0.8754913806915283,1,02,0,1.0,S02_alert
0.5738381147384644,0.06924085319042206,S02_alert_000252,0.19400544464588165,0.0025282418355345726,0.8034663200378418,1,02,0,1.0,S02_alert
0.480477511882782,0.13551905751228333,S02_alert_000280,0.0032080996315926313,0.0007400732720270753,0.9960518479347229,1,02,0,1.0,S02_alert
0.4887252748012543,0.0847405344247818,S02_alert_000308,0.011825424619019032,0.001372968778014183,0.9868016242980957,1,02,0,1.0,S02_alert
0.39616653323173523,-0.005818947218358517,S02_alert_000336,0.005945680197328329,0.002253786427900195,0.9918004870414734,1,02,0,1.0,S02_alert
0.4811248779296875,-0.10458694398403168,S02_alert_000364,0.03642427548766136,0.02168617583811283,0.9418895840644836,1,02,0,1.0,S02_alert
0.5523692965507507,-0.09537199139595032,S02_alert_000392,0.0643637627363205,0.2035282850265503,0.7321078777313232,1,02,0,1.0,S02_alert
0.4831850528717041,-0.04393843933939934,S02_alert_000420,0.106638602912426,0.11905017495155334,0.7743111848831177,1,02,0,1.0,S02_alert
0.34692904353141785,-0.04723281040787697,S02_alert_000448,0.149570494890213,0.1140550822019577,0.7363744378089905,1,02,0,1.0,S02_alert
0.38175898790359497,-0.03258378058671951,S02_alert_000476,0.09306864440441132,0.05850914493203163,0.8484221696853638,1,02,0,1.0,S02_alert
0.3190557658672333,-0.06538571417331696,S02_alert_000504,0.16683277487754822,0.05347545072436333,0.779691755771637,1,02,0,1.0,S02_alert
0.43230509757995605,-0.04651539772748947,S02_alert_000532,0.2510538399219513,0.04028712958097458,0.7086589932441711,1,02,0,1.0,S02_alert
