baseline_probability,class_index,clip_id,frame_index,occluded_probability,probability_delta,video_id
0.9181656241416931,1,S02_alert_000000,0,0.8048123121261597,0.11335331201553345,S02_alert
0.9181656241416931,1,S02_alert_000000,1,0.8612509369850159,0.056914687156677246,S02_alert
0.9181656241416931,1,S02_alert_000000,2,0.8988597989082336,0.019305825233459473,S02_alert
0.9181656241416931,1,S02_alert_000000,3,0.9253081679344177,-0.007142543792724609,S02_alert
0.9181656241416931,1,S02_alert_000000,4,0.9333837032318115,-0.015218079090118408,S02_alert
0.9181656241416931,1,S02_alert_000000,5,0.9222397804260254,-0.004074156284332275,S02_alert
0.9181656241416931,1,S02_alert_000000,6,0.9338314533233643,-0.015665829181671143,S02_alert
0.9181656241416931,1,S02_alert_000000,7,0.9153981804847717,0.0027674436569213867,S02_alert
0.9181656241416931,1,S02_alert_000000,8,0.9010828137397766,0.017082810401916504,S02_alert
0.9181656241416931,1,S02_alert_000000,9,0.9156093597412109,0.0025562644004821777,S02_alert
0.9181656241416931,1,S02_alert_000000,10,0.9192994236946106,-0.0011337995529174805,S02_alert
0.9181656241416931,1,S02_alert_000000,11,0.9251894950866699,-0.007023870944976807,S02_alert
0.9181656241416931,1,S02_alert_000000,12,0.9180948734283447,7.075071334838867e-05,S02_alert
0.9181656241416931,1,S02_alert_000000,13,0.9294622540473938,-0.011296629905700684,S02_alert
0.9181656241416931,1,S02_alert_000000,14,0.9184946417808533,-0.00032901763916015625,S02_alert
0.9181656241416931,1,S02_alert_000000,15,0.9127750396728516,0.005390584468841553,S02_alert
0.9181656241416931,1,S02_alert_000000,16,0.9147500395774841,0.0034155845642089844,S02_alert
0.9181656241416931,1,S02_alert_000000,17,0.9184183478355408,-0.00025272369384765625,S02_alert
0.9181656241416931,1,S02_alert_000000,18,0.9211887121200562,-0.003023087978363037,S02_alert
0.9181656241416931,1,S02_alert_000000,19,0.9339169263839722,-0.015751302242279053,S02_alert
0.9181656241416931,1,S02_alert_000000,20,0.9170506596565247,0.001114964485168457,S02_alert
0.9181656241416931,1,S02_alert_000000,21,0.9176602959632874,0.0005053281784057617,S02_alert
0.9181656241416931,1,S02_alert_000000,22,0.9157267212867737,0.0024389028549194336,S02_alert
0.9181656241416931,1,S02_alert_000000,23,0.9093178510665894,0.00884777307510376,S02_alert
0.9181656241416931,1,S02_alert_000000,24,0.9099592566490173,0.008206367492675781,S02_alert
0.9181656241416931,1,S02_alert_000000,25,0.9178297519683838,0.00033587217330932617,S02_alert
0.9181656241416931,1,S02_alert_000000,26,0.9216165542602539,-0.003450930118560791,S02_alert
0.9181656241416931,1,S02_alert_000000,27,0.9148830771446228,0.0032825469970703125,S02_alert
0.9181656241416931,1,S02_alert_000000,28,0.9198129773139954,-0.001647353172302246,S02_alert
0.9181656241416931,1,S02_alert_000000,29,0.918196439743042,-3.081560134887695e-05,S02_alert
0.9181656241416931,1,S02_alert_000000,30,0.9120069742202759,0.006158649921417236,S02_alert
0.9181656241416931,1,S02_alert_000000,31,0.9141036868095398,0.00406193733215332,S02_alert
0.9181656241416931,1,S02_alert_000000,32,0.9142621755599976,0.0039034485816955566,S02_alert
0.9181656241416931,1,S02_alert_000000,33,0.9202464818954468,-0.002080857753753662,S02_alert
0.9181656241416931,1,S02_alert_000000,34,0.9150555729866028,0.003110051155090332,S02_alert
0.9181656241416931,1,S02_alert_000000,35,0.9173336625099182,0.0008319616317749023,S02_alert
0.9181656241416931,1,S02_alert_000000,36,0.9177430272102356,0.00042259693145751953,S02_alert
0.9181656241416931,1,S02_alert_000000,37,0.916824221611023,0.001341402530670166,S02_alert
0.9181656241416931,1,S02_alert_000000,38,0.916468620300293,0.0016970038414001465,S02_alert
0.9181656241416931,1,S02_alert_000000,39,0.9154422879219055,0.0027233362197875977,S02_alert
0.7354487776756287,1,S02_alert_000028,0,0.674691915512085,0.0607568621635437,S02_alert
0.7354487776756287,1,S02_alert_000028,1,0.741517186164856,-0.006068408489227295,S02_alert
0.7354487776756287,1,S02_alert_000028,2,0.5812304019927979,0.1542183756828308,S02_alert
0.7354487776756287,1,S02_alert_000028,3,0.6532633304595947,0.08218544721603394,S02_alert
0.7354487776756287,1,S02_alert_000028,4,0.621746838092804,0.11370193958282471,S02_alert
0.7354487776756287,1,S02_alert_000028,5,0.7709017395973206,-0.035452961921691895,S02_alert
0.7354487776756287,1,S02_alert_000028,6,0.6940280199050903,0.04142075777053833,S02_alert
0.7354487776756287,1,S02_alert_000028,7,0.7172618508338928,0.01818692684173584,S02_alert
0.7354487776756287,1,S02_alert_000028,8,0.7341324090957642,0.001316368579864502,S02_alert
0.7354487776756287,1,S02_alert_000028,9,0.7096063494682312,0.02584242820739746,S02_alert
0.7354487776756287,1,S02_alert_000028,10,0.7279955744743347,0.007453203201293945,S02_alert
0.7354487776756287,1,S02_alert_000028,11,0.673812985420227,0.06163579225540161,S02_alert
0.7354487776756287,1,S02_alert_000028,12,0.6663303971290588,0.06911838054656982,S02_alert
0.7354487776756287,1,S02_alert_000028,13,0.696601390838623,0.038847386837005615,S02_alert
0.7354487776756287,1,S02_alert_000028,14,0.7404302954673767,-0.004981517791748047,S02_alert
0.7354487776756287,1,S02_alert_000028,15,0.7104533314704895,0.02499544620513916,S02_alert
0.7354487776756287,1,S02_alert_000028,16,0.7280909419059753,0.00735783576965332,S02_alert
0.7354487776756287,1,S02_alert_000028,17,0.7124395370483398,0.02300924062728882,S02_alert
0.7354487776756287,1,S02_alert_000028,18,0.7344986796379089,0.0009500980377197266,S02_alert
0.7354487776756287,1,S02_alert_000028,19,0.7336043119430542,0.0018444657325744629,S02_alert
0.7354487776756287,1,S02_alert_000028,20,0.7241422533988953,0.011306524276733398,S02_alert
0.7354487776756287,1,S02_alert_000028,21,0.7542966604232788,-0.018847882747650146,S02_alert
0.7354487776756287,1,S02_alert_000028,22,0.6952036619186401,0.040245115756988525,S02_alert
0.7354487776756287,1,S02_alert_000028,23,0.7310243248939514,0.004424452781677246,S02_alert
0.7354487776756287,1,S02_alert_000028,24,0.7252364754676819,0.010212302207946777,S02_alert
0.7354487776756287,1,S02_alert_000028,25,0.7336798310279846,0.001768946647644043,S02_alert
0.7354487776756287,1,S02_alert_000028,26,0.7289093732833862,0.006539404392242432,S02_alert
0.7354487776756287,1,S02_alert_000028,27,0.7329432964324951,0.002505481243133545,S02_alert
0.7354487776756287,1,S02_alert_000028,28,0.7261208295822144,0.009327948093414307,S02_alert
0.7354487776756287,1,S02_alert_000028,29,0.7264560461044312,0.00899273157119751,S02_alert
0.7354487776756287,1,S02_alert_000028,30,0.7302055954933167,0.005243182182312012,S02_alert
0.7354487776756287,1,S02_alert_000028,31,0.7283188700675964,0.0071299076080322266,S02_alert
0.7354487776756287,1,S02_alert_000028,32,0.7216360569000244,0.013812720775604248,S02_alert
0.7354487776756287,1,S02_alert_000028,33,0.7247130870819092,0.010735690593719482,S02_alert
0.7354487776756287,1,S02_alert_000028,34,0.7282402515411377,0.007208526134490967,S02_alert
0.7354487776756287,1,S02_alert_000028,35,0.7222282290458679,0.013220548629760742,S02_alert
0.7354487776756287,1,S02_alert_000028,36,0.7232072353363037,0.012241542339324951,S02_alert
0.7354487776756287,1,S02_alert_000028,37,0.7204478979110718,0.015000879764556885,S02_alert
0.7354487776756287,1,S02_alert_000028,38,0.7203062772750854,0.015142500400543213,S02_alert
0.7354487776756287,1,S02_alert_000028,39,0.7185381054878235,0.016910672187805176,S02_alert
0.9833745956420898,1,S02_alert_000056,0,0.9817324280738831,0.0016421675682067871,S02_alert
0.9833745956420898,1,S02_alert_000056,1,0.9821292161941528,0.0012453794479370117,S02_alert
0.9833745956420898,1,S02_alert_000056,2,0.9834293127059937,-5.4717063903808594e-05,S02_alert
0.9833745956420898,1,S02_alert_000056,3,0.9841669201850891,-0.0007923245429992676,S02_alert
0.9833745956420898,1,S02_alert_000056,4,0.9830206632614136,0.00035393238067626953,S02_alert
0.9833745956420898,1,S02_alert_000056,5,0.9837929606437683,-0.0004183650016784668,S02_alert
0.9833745956420898,1,S02_alert_000056,6,0.9837925434112549,-0.00041794776916503906,S02_alert
0.9833745956420898,1,S02_alert_000056,7,0.9827067852020264,0.0006678104400634766,S02_alert
0.9833745956420898,1,S02_alert_000056,8,0.982989490032196,0.00038510560989379883,S02_alert
0.9833745956420898,1,S02_alert_000056,9,0.9820990562438965,0.0012755393981933594,S02_alert
0.9833745956420898,1,S02_alert_000056,10,0.9827295541763306,0.0006450414657592773,S02_alert
0.9833745956420898,1,S02_alert_000056,11,0.9835048317909241,-0.00013023614883422852,S02_alert
0.9833745956420898,1,S02_alert_000056,12,0.9840732216835022,-0.0006986260414123535,S02_alert
0.9833745956420898,1,S02_alert_000056,13,0.9833365082740784,3.808736801147461e-05,S02_alert
0.9833745956420898,1,S02_alert_000056,14,0.9830766916275024,0.00029790401458740234,S02_alert
0.9833745956420898,1,S02_alert_000056,15,0.9839858412742615,-0.0006112456321716309,S02_alert
0.9833745956420898,1,S02_alert_000056,16,0.9832884669303894,8.612871170043945e-05,S02_alert
0.9833745956420898,1,S02_alert_000056,17,0.9835276007652283,-0.00015300512313842773,S02_alert
0.9833745956420898,1,S02_alert_000056,18,0.9835225939750671,-0.00014799833297729492,S02_alert
0.9833745956420898,1,S02_alert_000056,19,0.982856810092926,0.0005177855491638184,S02_alert
0.9833745956420898,1,S02_alert_000056,20,0.9825901389122009,0.000784456729888916,S02_alert
0.9833745956420898,1,S02_alert_000056,21,0.983068585395813,0.00030601024627685547,S02_alert
0.9833745956420898,1,S02_alert_000056,22,0.9835799336433411,-0.0002053380012512207,S02_alert
0.9833745956420898,1,S02_alert_000056,23,0.9831975698471069,0.00017702579498291016,S02_alert
0.9833745956420898,1,S02_alert_000056,24,0.9824365377426147,0.0009380578994750977,S02_alert
0.9833745956420898,1,S02_alert_000056,25,0.9825037121772766,0.0008708834648132324,S02_alert
0.9833745956420898,1,S02_alert_000056,26,0.9830008745193481,0.0003737211227416992,S02_alert
0.9833745956420898,1,S02_alert_000056,27,0.9828994870185852,0.00047510862350463867,S02_alert
0.9833745956420898,1,S02_alert_000056,28,0.9828428626060486,0.0005317330360412598,S02_alert
0.9833745956420898,1,S02_alert_000056,29,0.9830632209777832,0.0003113746643066406,S02_alert
0.9833745956420898,1,S02_alert_000056,30,0.9831357598304749,0.00023883581161499023,S02_alert
0.9833745956420898,1,S02_alert_000056,31,0.982854962348938,0.0005196332931518555,S02_alert
0.9833745956420898,1,S02_alert_000056,32,0.982993483543396,0.00038111209869384766,S02_alert
0.9833745956420898,1,S02_alert_000056,33,0.982878565788269,0.0004960298538208008,S02_alert
0.9833745956420898,1,S02_alert_000056,34,0.9828993082046509,0.00047528743743896484,S02_alert
0.9833745956420898,1,S02_alert_000056,35,0.9826299548149109,0.0007446408271789551,S02_alert
0.9833745956420898,1,S02_alert_000056,36,0.9824883341789246,0.0008862614631652832,S02_alert
0.9833745956420898,1,S02_alert_000056,37,0.982468843460083,0.0009057521820068359,S02_alert
0.9833745956420898,1,S02_alert_000056,38,0.9824246764183044,0.0009499192237854004,S02_alert
0.9833745956420898,1,S02_alert_000056,39,0.9824414849281311,0.0009331107139587402,S02_alert
0.9763043522834778,1,S02_alert_000084,0,0.9728076457977295,0.003496706485748291,S02_alert
0.9763043522834778,1,S02_alert_000084,1,0.9758186936378479,0.0004856586456298828,S02_alert
0.9763043522834778,1,S02_alert_000084,2,0.9788963198661804,-0.0025919675827026367,S02_alert
0.9763043522834778,1,S02_alert_000084,3,0.9787343740463257,-0.0024300217628479004,S02_alert
0.9763043522834778,1,S02_alert_000084,4,0.9796668291091919,-0.0033624768257141113,S02_alert
0.9763043522834778,1,S02_alert_000084,5,0.9808399081230164,-0.004535555839538574,S02_alert
0.9763043522834778,1,S02_alert_000084,6,0.9801283478736877,-0.003823995590209961,S02_alert
0.9763043522834778,1,S02_alert_000084,7,0.9771502017974854,-0.0008458495140075684,S02_alert
0.9763043522834778,1,S02_alert_000084,8,0.9756972789764404,0.0006070733070373535,S02_alert
0.9763043522834778,1,S02_alert_000084,9,0.9760217070579529,0.00028264522552490234,S02_alert
0.9763043522834778,1,S02_alert_000084,10,0.9759633541107178,0.00034099817276000977,S02_alert
0.9763043522834778,1,S02_alert_000084,11,0.9755834341049194,0.0007209181785583496,S02_alert
0.9763043522834778,1,S02_alert_000084,12,0.9761977791786194,0.00010657310485839844,S02_alert
0.9763043522834778,1,S02_alert_000084,13,0.9762811660766602,2.3186206817626953e-05,S02_alert
0.9763043522834778,1,S02_alert_000084,14,0.9755313992500305,0.0007729530334472656,S02_alert
0.9763043522834778,1,S02_alert_000084,15,0.9764564037322998,-0.00015205144882202148,S02_alert
0.9763043522834778,1,S02_alert_000084,16,0.9759629964828491,0.0003413558006286621,S02_alert
0.9763043522834778,1,S02_alert_000084,17,0.9761659502983093,0.00013840198516845703,S02_alert
0.9763043522834778,1,S02_alert_000084,18,0.976242184638977,6.216764450073242e-05,S02_alert
0.9763043522834778,1,S02_alert_000084,19,0.9760465025901794,0.00025784969329833984,S02_alert
0.9763043522834778,1,S02_alert_000084,20,0.9765116572380066,-0.0002073049545288086,S02_alert
0.9763043522834778,1,S02_alert_000084,21,0.9763224124908447,-1.806020736694336e-05,S02_alert
0.9763043522834778,1,S02_alert_000084,22,0.9760826826095581,0.00022166967391967773,S02_alert
0.9763043522834778,1,S02_alert_000084,23,0.9760404825210571,0.0002638697624206543,S02_alert
0.9763043522834778,1,S02_alert_000084,24,0.9762860536575317,1.8298625946044922e-05,S02_alert
0.9763043522834778,1,S02_alert_000084,25,0.9768427610397339,-0.0005384087562561035,S02_alert
0.9763043522834778,1,S02_alert_000084,26,0.9779725074768066,-0.0016681551933288574,S02_alert
0.9763043522834778,1,S02_alert_000084,27,0.9765816926956177,-0.0002773404121398926,S02_alert
0.9763043522834778,1,S02_alert_000084,28,0.9761693477630615,0.00013500452041625977,S02_alert
0.9763043522834778,1,S02_alert_000084,29,0.9759042859077454,0.0004000663757324219,S02_alert
0.9763043522834778,1,S02_alert_000084,30,0.9762983322143555,6.020069122314453e-06,S02_alert
0.9763043522834778,1,S02_alert_000084,31,0.9762470722198486,5.728006362915039e-05,S02_alert
0.9763043522834778,1,S02_alert_000084,32,0.9761667847633362,0.00013756752014160156,S02_alert
0.9763043522834778,1,S02_alert_000084,33,0.9761415123939514,0.0001628398895263672,S02_alert
0.9763043522834778,1,S02_alert_000084,34,0.9759492874145508,0.00035506486892700195,S02_alert
0.9763043522834778,1,S02_alert_000084,35,0.9754289388656616,0.0008754134178161621,S02_alert
0.9763043522834778,1,S02_alert_000084,36,0.9754765033721924,0.0008278489112854004,S02_alert
0.9763043522834778,1,S02_alert_000084,37,0.9751405715942383,0.001163780689239502,S02_alert
0.9763043522834778,1,S02_alert_000084,38,0.9751852750778198,0.001119077205657959,S02_alert
0.9763043522834778,1,S02_alert_000084,39,0.9750842452049255,0.001220107078552246,S02_alert
0.9564188122749329,1,S02_alert_000112,0,0.9577808976173401,-0.0013620853424072266,S02_alert
0.9564188122749329,1,S02_alert_000112,1,0.9667966365814209,-0.010377824306488037,S02_alert
0.9564188122749329,1,S02_alert_000112,2,0.965594470500946,-0.009175658226013184,S02_alert
0.9564188122749329,1,S02_alert_000112,3,0.9672204256057739,-0.010801613330841064,S02_alert
0.9564188122749329,1,S02_alert_000112,4,0.9667119383811951,-0.010293126106262207,S02_alert
0.9564188122749329,1,S02_alert_000112,5,0.9644245505332947,-0.008005738258361816,S02_alert
0.9564188122749329,1,S02_alert_000112,6,0.9646696448326111,-0.008250832557678223,S02_alert
0.9564188122749329,1,S02_alert_000112,7,0.9591571092605591,-0.0027382969856262207,S02_alert
0.9564188122749329,1,S02_alert_000112,8,0.9588220119476318,-0.0024031996726989746,S02_alert
0.9564188122749329,1,S02_alert_000112,9,0.9593253135681152,-0.002906501293182373,S02_alert
0.9564188122749329,1,S02_alert_000112,10,0.9633259773254395,-0.006907165050506592,S02_alert
0.9564188122749329,1,S02_alert_000112,11,0.9623955488204956,-0.005976736545562744,S02_alert
0.9564188122749329,1,S02_alert_000112,12,0.9596773386001587,-0.00325852632522583,S02_alert
0.9564188122749329,1,S02_alert_000112,13,0.9615366458892822,-0.005117833614349365,S02_alert
0.9564188122749329,1,S02_alert_000112,14,0.9574044942855835,-0.0009856820106506348,S02_alert
0.9564188122749329,1,S02_alert_000112,15,0.9582602977752686,-0.0018414855003356934,S02_alert
0.9564188122749329,1,S02_alert_000112,16,0.9556967616081238,0.000722050666809082,S02_alert
0.9564188122749329,1,S02_alert_000112,17,0.9589287638664246,-0.0025099515914916992,S02_alert
0.9564188122749329,1,S02_alert_000112,18,0.9575403928756714,-0.0011215806007385254,S02_alert
0.9564188122749329,1,S02_alert_000112,19,0.9564782381057739,-5.942583084106445e-05,S02_alert
0.9564188122749329,1,S02_alert_000112,20,0.9591705203056335,-0.0027517080307006836,S02_alert
0.9564188122749329,1,S02_alert_000112,21,0.9581217765808105,-0.0017029643058776855,S02_alert
0.9564188122749329,1,S02_alert_000112,22,0.9582328200340271,-0.0018140077590942383,S02_alert
0.9564188122749329,1,S02_alert_000112,23,0.9582228064537048,-0.0018039941787719727,S02_alert
0.9564188122749329,1,S02_alert_000112,24,0.9562289118766785,0.00018990039825439453,S02_alert
0.9564188122749329,1,S02_alert_000112,25,0.9535674452781677,0.0028513669967651367,S02_alert
0.9564188122749329,1,S02_alert_000112,26,0.9567276239395142,-0.00030881166458129883,S02_alert
0.9564188122749329,1,S02_alert_000112,27,0.9574398398399353,-0.0010210275650024414,S02_alert
0.9564188122749329,1,S02_alert_000112,28,0.9565541744232178,-0.0001353621482849121,S02_alert
0.9564188122749329,1,S02_alert_000112,29,0.9557496309280396,0.0006691813468933105,S02_alert
0.9564188122749329,1,S02_alert_000112,30,0.9552443027496338,0.0011745095252990723,S02_alert
0.9564188122749329,1,S02_alert_000112,31,0.9546322226524353,0.0017865896224975586,S02_alert
0.9564188122749329,1,S02_alert_000112,32,0.9542152285575867,0.0022035837173461914,S02_alert
0.9564188122749329,1,S02_alert_000112,33,0.9545304179191589,0.0018883943557739258,S02_alert
0.9564188122749329,1,S02_alert_000112,34,0.9546920657157898,0.0017267465591430664,S02_alert
0.9564188122749329,1,S02_alert_000112,35,0.9550231099128723,0.0013957023620605469,S02_alert
0.9564188122749329,1,S02_alert_000112,36,0.9547081589698792,0.001710653305053711,S02_alert
0.9564188122749329,1,S02_alert_000112,37,0.9542911052703857,0.002127707004547119,S02_alert
0.9564188122749329,1,S02_alert_000112,38,0.9536810517311096,0.002737760543823242,S02_alert
0.9564188122749329,1,S02_alert_000112,39,0.9535131454467773,0.0029056668281555176,S02_alert
0.968841552734375,1,S02_alert_000140,0,0.9643915891647339,0.004449963569641113,S02_alert
0.968841552734375,1,S02_alert_000140,1,0.9685298800468445,0.0003116726875305176,S02_alert
0.968841552734375,1,S02_alert_000140,2,0.973159670829773,-0.004318118095397949,S02_alert
0.968841552734375,1,S02_alert_000140,3,0.9737860560417175,-0.004944503307342529,S02_alert
0.968841552734375,1,S02_alert_000140,4,0.9696266651153564,-0.0007851123809814453,S02_alert
0.968841552734375,1,S02_alert_000140,5,0.9727669358253479,-0.0039253830909729,S02_alert
0.968841552734375,1,S02_alert_000140,6,0.9703999757766724,-0.0015584230422973633,S02_alert
0.968841552734375,1,S02_alert_000140,7,0.9719998836517334,-0.0031583309173583984,S02_alert
0.968841552734375,1,S02_alert_000140,8,0.9703493714332581,-0.0015078186988830566,S02_alert
0.968841552734375,1,S02_alert_000140,9,0.9710271954536438,-0.002185642719268799,S02_alert
0.968841552734375,1,S02_alert_000140,10,0.9694167971611023,-0.0005752444267272949,S02_alert
0.968841552734375,1,S02_alert_000140,11,0.9699822068214417,-0.0011406540870666504,S02_alert
0.968841552734375,1,S02_alert_000140,12,0.9689633250236511,-0.00012177228927612305,S02_alert
0.968841552734375,1,S02_alert_000140,13,0.9665569067001343,0.0022846460342407227,S02_alert
0.968841552734375,1,S02_alert_000140,14,0.9692001938819885,-0.0003586411476135254,S02_alert
0.968841552734375,1,S02_alert_000140,15,0.9715272188186646,-0.0026856660842895508,S02_alert
0.968841552734375,1,S02_alert_000140,16,0.9686489105224609,0.0001926422119140625,S02_alert
0.968841552734375,1,S02_alert_000140,17,0.968070387840271,0.0007711648941040039,S02_alert
0.968841552734375,1,S02_alert_000140,18,0.9684982895851135,0.0003432631492614746,S02_alert
0.968841552734375,1,S02_alert_000140,19,0.9679027795791626,0.0009387731552124023,S02_alert
0.968841552734375,1,S02_alert_000140,20,0.965910017490387,0.002931535243988037,S02_alert
0.968841552734375,1,S02_alert_000140,21,0.9691131711006165,-0.0002716183662414551,S02_alert
0.968841552734375,1,S02_alert_000140,22,0.9692184329032898,-0.0003768801689147949,S02_alert
0.968841552734375,1,S02_alert_000140,23,0.9712530970573425,-0.0024115443229675293,S02_alert
0.968841552734375,1,S02_alert_000140,24,0.9708760380744934,-0.002034485340118408,S02_alert
0.968841552734375,1,S02_alert_000140,25,0.9710708260536194,-0.0022292733192443848,S02_alert
0.968841552734375,1,S02_alert_000140,26,0.9713026881217957,-0.0024611353874206543,S02_alert
0.968841552734375,1,S02_alert_000140,27,0.9715383648872375,-0.002696812152862549,S02_alert
0.968841552734375,1,S02_alert_000140,28,0.9706754088401794,-0.0018338561058044434,S02_alert
0.968841552734375,1,S02_alert_000140,29,0.9696219563484192,-0.0007804036140441895,S02_alert
0.968841552734375,1,S02_alert_000140,30,0.9702937006950378,-0.0014521479606628418,S02_alert
0.968841552734375,1,S02_alert_000140,31,0.969327449798584,-0.0004858970642089844,S02_alert
0.968841552734375,1,S02_alert_000140,32,0.9692985415458679,-0.0004569888114929199,S02_alert
0.968841552734375,1,S02_alert_000140,33,0.9691268801689148,-0.0002853274345397949,S02_alert
0.968841552734375,1,S02_alert_000140,34,0.9680250883102417,0.0008164644241333008,S02_alert
0.968841552734375,1,S02_alert_000140,35,0.96910560131073,-0.00026404857635498047,S02_alert
0.968841552734375,1,S02_alert_000140,36,0.9678367376327515,0.0010048151016235352,S02_alert
0.968841552734375,1,S02_alert_000140,37,0.967542290687561,0.0012992620468139648,S02_alert
0.968841552734375,1,S02_alert_000140,38,0.9674383997917175,0.0014031529426574707,S02_alert
0.968841552734375,1,S02_alert_000140,39,0.9673635363578796,0.0014780163764953613,S02_alert
0.9113789200782776,1,S02_alert_000168,0,0.9181669354438782,-0.006788015365600586,S02_alert
0.9113789200782776,1,S02_alert_000168,1,0.9280739426612854,-0.016695022583007812,S02_alert
0.9113789200782776,1,S02_alert_000168,2,0.9275045394897461,-0.016125619411468506,S02_alert
0.9113789200782776,1,S02_alert_000168,3,0.9242522716522217,-0.012873351573944092,S02_alert
0.9113789200782776,1,S02_alert_000168,4,0.9245535135269165,-0.013174593448638916,S02_alert
0.9113789200782776,1,S02_alert_000168,5,0.9219372272491455,-0.01055830717086792,S02_alert
0.9113789200782776,1,S02_alert_000168,6,0.914722204208374,-0.0033432841300964355,S02_alert
0.9113789200782776,1,S02_alert_000168,7,0.9236720204353333,-0.012293100357055664,S02_alert
0.9113789200782776,1,S02_alert_000168,8,0.9181349873542786,-0.0067560672760009766,S02_alert
0.9113789200782776,1,S02_alert_000168,9,0.9162946343421936,-0.004915714263916016,S02_alert
0.9113789200782776,1,S02_alert_000168,10,0.9186083078384399,-0.0072293877601623535,S02_alert
0.9113789200782776,1,S02_alert_000168,11,0.9227930903434753,-0.011414170265197754,S02_alert
0.9113789200782776,1,S02_alert_000168,12,0.9263729453086853,-0.014994025230407715,S02_alert
0.9113789200782776,1,S02_alert_000168,13,0.9228399991989136,-0.011461079120635986,S02_alert
0.9113789200782776,1,S02_alert_000168,14,0.9264364838600159,-0.015057563781738281,S02_alert
0.9113789200782776,1,S02_alert_000168,15,0.9237520694732666,-0.012373149394989014,S02_alert
0.9113789200782776,1,S02_alert_000168,16,0.9177845120429993,-0.00640559196472168,S02_alert
0.9113789200782776,1,S02_alert_000168,17,0.9228155016899109,-0.0114365816116333,S02_alert
0.9113789200782776,1,S02_alert_000168,18,0.9259755611419678,-0.014596641063690186,S02_alert
0.9113789200782776,1,S02_alert_000168,19,0.9193248748779297,-0.0079459547996521,S02_alert
0.9113789200782776,1,S02_alert_000168,20,0.9178566932678223,-0.006477773189544678,S02_alert
0.9113789200782776,1,S02_alert_000168,21,0.9203001856803894,-0.008921265602111816,S02_alert
0.9113789200782776,1,S02_alert_000168,22,0.9245911240577698,-0.013212203979492188,S02_alert
0.9113789200782776,1,S02_alert_000168,23,0.9200573563575745,-0.008678436279296875,S02_alert
0.9113789200782776,1,S02_alert_000168,24,0.9178274869918823,-0.006448566913604736,S02_alert
0.9113789200782776,1,S02_alert_000168,25,0.915386974811554,-0.004008054733276367,S02_alert
0.9113789200782776,1,S02_alert_000168,26,0.9148633480072021,-0.0034844279289245605,S02_alert
0.9113789200782776,1,S02_alert_000168,27,0.9140143394470215,-0.0026354193687438965,S02_alert
0.9113789200782776,1,S02_alert_000168,28,0.9141099452972412,-0.002731025218963623,S02_alert
0.9113789200782776,1,S02_alert_000168,29,0.9145287275314331,-0.0031498074531555176,S02_alert
0.9113789200782776,1,S02_alert_000168,30,0.9161242246627808,-0.004745304584503174,S02_alert
0.9113789200782776,1,S02_alert_000168,31,0.9108753204345703,0.0005035996437072754,S02_alert
0.9113789200782776,1,S02_alert_000168,32,0.909085750579834,0.0022931694984436035,S02_alert
0.9113789200782776,1,S02_alert_000168,33,0.9101139903068542,0.0012649297714233398,S02_alert
0.9113789200782776,1,S02_alert_000168,34,0.9102836847305298,0.0010952353477478027,S02_alert
0.9113789200782776,1,S02_alert_000168,35,0.9096465110778809,0.0017324090003967285,S02_alert
0.9113789200782776,1,S02_alert_000168,36,0.9090612530708313,0.002317667007446289,S02_alert
0.9113789200782776,1,S02_alert_000168,37,0.909502387046814,0.001876533031463623,S02_alert
0.9113789200782776,1,S02_alert_000168,38,0.9072195887565613,0.004159331321716309,S02_alert
0.9113789200782776,1,S02_alert_000168,39,0.9061163663864136,0.005262553691864014,S02_alert
0.9540935754776001,1,S02_alert_000196,0,0.9587860703468323,-0.004692494869232178,S02_alert
0.9540935754776001,1,S02_alert_000196,1,0.9694826006889343,-0.015389025211334229,S02_alert
0.9540935754776001,1,S02_alert_000196,2,0.9732517004013062,-0.019158124923706055,S02_alert
0.9540935754776001,1,S02_alert_000196,3,0.9678440093994141,-0.013750433921813965,S02_alert
0.9540935754776001,1,S02_alert_000196,4,0.9658804535865784,-0.011786878108978271,S02_alert
0.9540935754776001,1,S02_alert_000196,5,0.969635546207428,-0.01554197072982788,S02_alert
0.9540935754776001,1,S02_alert_000196,6,0.9714428186416626,-0.0173492431640625,S02_alert
0.9540935754776001,1,S02_alert_000196,7,0.973118245601654,-0.019024670124053955,S02_alert
0.9540935754776001,1,S02_alert_000196,8,0.9735168814659119,-0.019423305988311768,S02_alert
0.9540935754776001,1,S02_alert_000196,9,0.9716514348983765,-0.017557859420776367,S02_alert
0.9540935754776001,1,S02_alert_000196,10,0.9648241996765137,-0.010730624198913574,S02_alert
0.9540935754776001,1,S02_alert_000196,11,0.9698194861412048,-0.015725910663604736,S02_alert
0.9540935754776001,1,S02_alert_000196,12,0.9663575887680054,-0.012264013290405273,S02_alert
0.9540935754776001,1,S02_alert_000196,13,0.970818281173706,-0.016724705696105957,S02_alert
0.9540935754776001,1,S02_alert_000196,14,0.9654723405838013,-0.011378765106201172,S02_alert
0.9540935754776001,1,S02_alert_000196,15,0.9649408459663391,-0.010847270488739014,S02_alert
0.9540935754776001,1,S02_alert_000196,16,0.9656069278717041,-0.011513352394104004,S02_alert
0.9540935754776001,1,S02_alert_000196,17,0.9641730189323425,-0.010079443454742432,S02_alert
0.9540935754776001,1,S02_alert_000196,18,0.9668698310852051,-0.01277625560760498,S02_alert
0.9540935754776001,1,S02_alert_000196,19,0.9669829607009888,-0.012889385223388672,S02_alert
0.9540935754776001,1,S02_alert_000196,20,0.9683337807655334,-0.01424020528793335,S02_alert
0.9540935754776001,1,S02_alert_000196,21,0.9611690044403076,-0.0070754289627075195,S02_alert
0.9540935754776001,1,S02_alert_000196,22,0.9598940014839172,-0.005800426006317139,S02_alert
0.9540935754776001,1,S02_alert_000196,23,0.9601210355758667,-0.0060274600982666016,S02_alert
0.9540935754776001,1,S02_alert_000196,24,0.960520327091217,-0.006426751613616943,S02_alert
0.9540935754776001,1,S02_alert_000196,25,0.9580080509185791,-0.003914475440979004,S02_alert
0.9540935754776001,1,S02_alert_000196,26,0.9552050828933716,-0.0011115074157714844,S02_alert
0.9540935754776001,1,S02_alert_000196,27,0.9551134705543518,-0.001019895076751709,S02_alert
0.9540935754776001,1,S02_alert_000196,28,0.9546608924865723,-0.000567317008972168,S02_alert
0.9540935754776001,1,S02_alert_000196,29,0.9546545743942261,-0.0005609989166259766,S02_alert
0.9540935754776001,1,S02_alert_000196,30,0.9553259015083313,-0.0012323260307312012,S02_alert
0.9540935754776001,1,S02_alert_000196,31,0.9542383551597595,-0.00014477968215942383,S02_alert
0.9540935754776001,1,S02_alert_000196,32,0.9541655778884888,-7.200241088867188e-05,S02_alert
0.9540935754776001,1,S02_alert_000196,33,0.9541308879852295,-3.731250762939453e-05,S02_alert
0.9540935754776001,1,S02_alert_000196,34,0.9533334374427795,0.0007601380348205566,S02_alert
0.9540935754776001,1,S02_alert_000196,35,0.9528995156288147,0.0011940598487854004,S02_alert
0.9540935754776001,1,S02_alert_000196,36,0.9529626369476318,0.0011309385299682617,S02_alert
0.9540935754776001,1,S02_alert_000196,37,0.9526693224906921,0.001424252986907959,S02_alert
0.9540935754776001,1,S02_alert_000196,38,0.9517546892166138,0.002338886260986328,S02_alert
0.9540935754776001,1,S02_alert_000196,39,0.9506826400756836,0.003410935401916504,S02_alert
0.8754913806915283,1,S02_alert_000224,0,0.8635913133621216,0.011900067329406738,S02_alert
0.8754913806915283,1,S02_alert_000224,1,0.919672429561615,-0.04418104887008667,S02_alert
0.8754913806915283,1,S02_alert_000224,2,0.923095166683197,-0.0476037859916687,S02_alert
0.8754913806915283,1,S02_alert_000224,3,0.9176322817802429,-0.0421409010887146,S02_alert
0.8754913806915283,1,S02_alert_000224,4,0.9134151339530945,-0.03792375326156616,S02_alert
0.8754913806915283,1,S02_alert_000224,5,0.9269876480102539,-0.051496267318725586,S02_alert
0.8754913806915283,1,S02_alert_000224,6,0.927353024482727,-0.05186164379119873,S02_alert
0.8754913806915283,1,S02_alert_000224,7,0.9341117143630981,-0.058620333671569824,S02_alert
0.8754913806915283,1,S02_alert_000224,8,0.9443671107292175,-0.06887573003768921,S02_alert
0.8754913806915283,1,S02_alert_000224,9,0.94721519947052,-0.0717238187789917,S02_alert
0.8754913806915283,1,S02_alert_000224,10,0.9530988335609436,-0.07760745286941528,S02_alert
0.8754913806915283,1,S02_alert_000224,11,0.9456135630607605,-0.07012218236923218,S02_alert
0.8754913806915283,1,S02_alert_000224,12,0.9327186942100525,-0.05722731351852417,S02_alert
0.8754913806915283,1,S02_alert_000224,13,0.9380636811256409,-0.06257230043411255,S02_alert
0.8754913806915283,1,S02_alert_000224,14,0.9362785220146179,-0.0607871413230896,S02_alert
0.8754913806915283,1,S02_alert_000224,15,0.9325574636459351,-0.05706608295440674,S02_alert
0.8754913806915283,1,S02_alert_000224,16,0.9357496500015259,-0.06025826930999756,S02_alert
0.8754913806915283,1,S02_alert_000224,17,0.927632212638855,-0.05214083194732666,S02_alert
0.8754913806915283,1,S02_alert_000224,18,0.9302651286125183,-0.05477374792098999,S02_alert
0.8754913806915283,1,S02_alert_000224,19,0.9205626845359802,-0.045071303844451904,S02_alert
0.8754913806915283,1,S02_alert_000224,20,0.9244916439056396,-0.04900026321411133,S02_alert
0.8754913806915283,1,S02_alert_000224,21,0.923884391784668,-0.04839301109313965,S02_alert
0.8754913806915283,1,S02_alert_000224,22,0.9134878516197205,-0.03799647092819214,S02_alert
0.8754913806915283,1,S02_alert_000224,23,0.9178307056427002,-0.042339324951171875,S02_alert
0.8754913806915283,1,S02_alert_000224,24,0.9105769991874695,-0.03508561849594116,S02_alert
0.8754913806915283,1,S02_alert_000224,25,0.9057957530021667,-0.030304372310638428,S02_alert
0.8754913806915283,1,S02_alert_000224,26,0.9025824666023254,-0.02709108591079712,S02_alert
0.8754913806915283,1,S02_alert_000224,27,0.9053817391395569,-0.029890358448028564,S02_alert
0.8754913806915283,1,S02_alert_000224,28,0.896094560623169,-0.020603179931640625,S02_alert
0.8754913806915283,1,S02_alert_000224,29,0.8939013481140137,-0.01840996742248535,S02_alert
0.8754913806915283,1,S02_alert_000224,30,0.896605908870697,-0.0211145281791687,S02_alert
0.8754913806915283,1,S02_alert_000224,31,0.892417848110199,-0.016926467418670654,S02_alert
0.8754913806915283,1,S02_alert_000224,32,0.8901544213294983,-0.01466304063796997,S02_alert
0.8754913806915283,1,S02_alert_000224,33,0.8957338333129883,-0.02024245262145996,S02_alert
0.8754913806915283,1,S02_alert_000224,34,0.8887094259262085,-0.013218045234680176,S02_alert
0.8754913806915283,1,S02_alert_000224,35,0.8839959502220154,-0.00850456953048706,S02_alert
0.8754913806915283,1,S02_alert_000224,36,0.8801237344741821,-0.004632353782653809,S02_alert
0.8754913806915283,1,S02_alert_000224,37,0.8758229613304138,-0.00033158063888549805,S02_alert
0.8754913806915283,1,S02_alert_000224,38,0.8747539520263672,0.0007374286651611328,S02_alert
0.8754913806915283,1,S02_alert_000224,39,0.8710503578186035,0.004441022872924805,S02_alert
0.8034663200378418,1,S02_alert_000252,0,0.7971271276473999,0.0063391923904418945,S02_alert
0.8034663200378418,1,S02_alert_000252,1,0.8452984094619751,-0.0418320894241333,S02_alert
0.8034663200378418,1,S02_alert_000252,2,0.8720642328262329,-0.06859791278839111,S02_alert
0.8034663200378418,1,S02_alert_000252,3,0.8761932253837585,-0.07272690534591675,S02_alert
0.8034663200378418,1,S02_alert_000252,4,0.8857844471931458,-0.08231812715530396,S02_alert
0.8034663200378418,1,S02_alert_000252,5,0.9114236831665039,-0.10795736312866211,S02_alert
0.8034663200378418,1,S02_alert_000252,6,0.8954542279243469,-0.09198790788650513,S02_alert
0.8034663200378418,1,S02_alert_000252,7,0.8935896754264832,-0.09012335538864136,S02_alert
0.8034663200378418,1,S02_alert_000252,8,0.9032297134399414,-0.09976339340209961,S02_alert
0.8034663200378418,1,S02_alert_000252,9,0.8983169794082642,-0.09485065937042236,S02_alert
0.8034663200378418,1,S02_alert_000252,10,0.9151467680931091,-0.11168044805526733,S02_alert
0.8034663200378418,1,S02_alert_000252,11,0.8969171643257141,-0.09345084428787231,S02_alert
0.8034663200378418,1,S02_alert_000252,12,0.8893550634384155,-0.08588874340057373,S02_alert
0.8034663200378418,1,S02_alert_000252,13,0.8853476643562317,-0.08188134431838989,S02_alert
0.8034663200378418,1,S02_alert_000252,14,0.8768386244773865,-0.07337230443954468,S02_alert
0.8034663200378418,1,S02_alert_000252,15,0.8947780728340149,-0.0913117527961731,S02_alert
0.8034663200378418,1,S02_alert_000252,16,0.8850240707397461,-0.0815577507019043,S02_alert
0.8034663200378418,1,S02_alert_000252,17,0.9010409116744995,-0.09757459163665771,S02_alert
0.8034663200378418,1,S02_alert_000252,18,0.8793132305145264,-0.07584691047668457,S02_alert
0.8034663200378418,1,S02_alert_000252,19,0.875471830368042,-0.0720055103302002,S02_alert
0.8034663200378418,1,S02_alert_000252,20,0.8860313296318054,-0.08256500959396362,S02_alert
0.8034663200378418,1,S02_alert_000252,21,0.8795546293258667,-0.0760883092880249,S02_alert
0.8034663200378418,1,S02_alert_000252,22,0.8660131096839905,-0.06254678964614868,S02_alert
0.8034663200378418,1,S02_alert_000252,23,0.8494388461112976,-0.04597252607345581,S02_alert
0.8034663200378418,1,S02_alert_000252,24,0.8389258980751038,-0.03545957803726196,S02_alert
0.8034663200378418,1,S02_alert_000252,25,0.8341369032859802,-0.030670583248138428,S02_alert
0.8034663200378418,1,S02_alert_000252,26,0.8381090760231018,-0.03464275598526001,S02_alert
0.8034663200378418,1,S02_alert_000252,27,0.8331859707832336,-0.029719650745391846,S02_alert
0.8034663200378418,1,S02_alert_000252,28,0.8197584748268127,-0.016292154788970947,S02_alert
0.8034663200378418,1,S02_alert_000252,29,0.8220891952514648,-0.018622875213623047,S02_alert
0.8034663200378418,1,S02_alert_000252,30,0.8189070820808411,-0.015440762042999268,S02_alert
0.8034663200378418,1,S02_alert_000252,31,0.8129615783691406,-0.009495258331298828,S02_alert
0.8034663200378418,1,S02_alert_000252,32,0.8088147640228271,-0.0053484439849853516,S02_alert
0.8034663200378418,1,S02_alert_000252,33,0.7968776226043701,0.00658869743347168,S02_alert
0.8034663200378418,1,S02_alert_000252,34,0.7921432256698608,0.011323094367980957,S02_alert
0.8034663200378418,1,S02_alert_000252,35,0.7900347113609314,0.0134316086769104,S02_alert
0.8034663200378418,1,S02_alert_000252,36,0.7873625755310059,0.016103744506835938,S02_alert
0.8034663200378418,1,S02_alert_000252,37,0.7845852971076965,0.018881022930145264,S02_alert
0.8034663200378418,1,S02_alert_000252,38,0.7849627733230591,0.018503546714782715,S02_alert
0.8034663200378418,1,S02_alert_000252,39,0.7843565940856934,0.019109725952148438,S02_alert
0.9960518479347229,1,S02_alert_000280,0,0.9958194494247437,0.00023239850997924805,S02_alert
0.9960518479347229,1,S02_alert_000280,1,0.997014045715332,-0.0009621977806091309,S02_alert
0.9960518479347229,1,S02_alert_000280,2,0.997246503829956,-0.0011946558952331543,S02_alert
0.9960518479347229,1,S02_alert_000280,3,0.9970217347145081,-0.0009698867797851562,S02_alert
0.9960518479347229,1,S02_alert_000280,4,0.9970625042915344,-0.0010106563568115234,S02_alert
0.9960518479347229,1,S02_alert_000280,5,0.9966447353363037,-0.0005928874015808105,S02_alert
0.9960518479347229,1,S02_alert_000280,6,0.9965207576751709,-0.00046890974044799805,S02_alert
0.9960518479347229,1,S02_alert_000280,7,0.9964448809623718,-0.0003930330276489258,S02_alert
0.9960518479347229,1,S02_alert_000280,8,0.9965131878852844,-0.00046133995056152344,S02_alert
0.9960518479347229,1,S02_alert_000280,9,0.996397078037262,-0.0003452301025390625,S02_alert
0.9960518479347229,1,S02_alert_000280,10,0.9965888261795044,-0.0005369782447814941,S02_alert
0.9960518479347229,1,S02_alert_000280,11,0.9965988993644714,-0.0005470514297485352,S02_alert
0.9960518479347229,1,S02_alert_000280,12,0.9966076612472534,-0.0005558133125305176,S02_alert
0.9960518479347229,1,S02_alert_000280,13,0.9964309930801392,-0.00037914514541625977,S02_alert
0.9960518479347229,1,S02_alert_000280,14,0.9963679313659668,-0.0003160834312438965,S02_alert
0.9960518479347229,1,S02_alert_000280,15,0.9963686466217041,-0.00031679868698120117,S02_alert
0.9960518479347229,1,S02_alert_000280,16,0.9960303902626038,2.1457672119140625e-05,S02_alert
0.9960518479347229,1,S02_alert_000280,17,0.9960643649101257,-1.2516975402832031e-05,S02_alert
0.9960518479347229,1,S02_alert_000280,18,0.9960309863090515,2.086162567138672e-05,S02_alert
0.9960518479347229,1,S02_alert_000280,19,0.9960184693336487,3.337860107421875e-05,S02_alert
0.9960518479347229,1,S02_alert_000280,20,0.9959723353385925,7.95125961303711e-05,S02_alert
0.9960518479347229,1,S02_alert_000280,21,0.9958369731903076,0.0002148747444152832,S02_alert
0.9960518479347229,1,S02_alert_000280,22,0.9958838820457458,0.00016796588897705078,S02_alert
0.9960518479347229,1,S02_alert_000280,23,0.9957591891288757,0.00029265880584716797,S02_alert
0.9960518479347229,1,S02_alert_000280,24,0.9957579970359802,0.0002938508987426758,S02_alert
0.9960518479347229,1,S02_alert_000280,25,0.9958310723304749,0.00022077560424804688,S02_alert
0.9960518479347229,1,S02_alert_000280,26,0.995779275894165,0.00027257204055786133,S02_alert
0.9960518479347229,1,S02_alert_000280,27,0.9958657026290894,0.00018614530563354492,S02_alert
0.9960518479347229,1,S02_alert_000280,28,0.9958454966545105,0.00020635128021240234,S02_alert
0.9960518479347229,1,S02_alert_000280,29,0.9958078861236572,0.00024396181106567383,S02_alert
0.9960518479347229,1,S02_alert_000280,30,0.9958723187446594,0.00017952919006347656,S02_alert
0.9960518479347229,1,S02_alert_000280,31,0.9958245754241943,0.00022727251052856445,S02_alert
0.9960518479347229,1,S02_alert_000280,32,0.9959319233894348,0.00011992454528808594,S02_alert
0.9960518479347229,1,S02_alert_000280,33,0.9958459734916687,0.00020587444305419922,S02_alert
0.9960518479347229,1,S02_alert_000280,34,0.9958454966545105,0.00020635128021240234,S02_alert
0.9960518479347229,1,S02_alert_000280,35,0.9958603978157043,0.0001914501190185547,S02_alert
0.9960518479347229,1,S02_alert_000280,36,0.9958857893943787,0.00016605854034423828,S02_alert
0.9960518479347229,1,S02_alert_000280,37,0.9959186911582947,0.00013315677642822266,S02_alert
0.9960518479347229,1,S02_alert_000280,38,0.9958848357200623,0.00016701221466064453,S02_alert
0.9960518479347229,1,S02_alert_000280,39,0.9958892464637756,0.00016260147094726562,S02_alert
0.9868016242980957,1,S02_alert_000308,0,0.9885236620903015,-0.0017220377922058105,S02_alert
0.9868016242980957,1,S02_alert_000308,1,0.9904301762580872,-0.003628551959991455,S02_alert
0.9868016242980957,1,S02_alert_000308,2,0.9914611577987671,-0.004659533500671387,S02_alert
0.9868016242980957,1,S02_alert_000308,3,0.9917098879814148,-0.004908263683319092,S02_alert
0.9868016242980957,1,S02_alert_000308,4,0.9928120970726013,-0.006010472774505615,S02_alert
0.9868016242980957,1,S02_alert_000308,5,0.9911166429519653,-0.004315018653869629,S02_alert
0.9868016242980957,1,S02_alert_000308,6,0.9916794896125793,-0.004877865314483643,S02_alert
0.9868016242980957,1,S02_alert_000308,7,0.9914484620094299,-0.0046468377113342285,S02_alert
0.9868016242980957,1,S02_alert_000308,8,0.9911652207374573,-0.004363596439361572,S02_alert
0.9868016242980957,1,S02_alert_000308,9,0.9919338226318359,-0.005132198333740234,S02_alert
0.9868016242980957,1,S02_alert_000308,10,0.9901419281959534,-0.003340303897857666,S02_alert
0.9868016242980957,1,S02_alert_000308,11,0.9909437298774719,-0.004142105579376221,S02_alert
0.9868016242980957,1,S02_alert_000308,12,0.9904266595840454,-0.003625035285949707,S02_alert
0.9868016242980957,1,S02_alert_000308,13,0.9899390339851379,-0.0031374096870422363,S02_alert
0.9868016242980957,1,S02_alert_000308,14,0.9899027347564697,-0.0031011104583740234,S02_alert
0.9868016242980957,1,S02_alert_000308,15,0.9889561533927917,-0.002154529094696045,S02_alert
0.9868016242980957,1,S02_alert_000308,16,0.9884113073348999,-0.0016096830368041992,S02_alert
0.9868016242980957,1,S02_alert_000308,17,0.9884235262870789,-0.0016219019889831543,S02_alert
0.9868016242980957,1,S02_alert_000308,18,0.9876137971878052,-0.0008121728897094727,S02_alert
0.9868016242980957,1,S02_alert_000308,19,0.9875784516334534,-0.000776827335357666,S02_alert
0.9868016242980957,1,S02_alert_000308,20,0.987244188785553,-0.0004425644874572754,S02_alert
0.9868016242980957,1,S02_alert_000308,21,0.9872598648071289,-0.0004582405090332031,S02_alert
0.9868016242980957,1,S02_alert_000308,22,0.9869842529296875,-0.00018262863159179688,S02_alert
0.9868016242980957,1,S02_alert_000308,23,0.9867728352546692,2.8789043426513672e-05,S02_alert
0.9868016242980957,1,S02_alert_000308,24,0.9867786169052124,2.300739288330078e-05,S02_alert
0.9868016242980957,1,S02_alert_000308,25,0.9865486025810242,0.0002530217170715332,S02_alert
0.9868016242980957,1,S02_alert_000308,26,0.9866064786911011,0.0001951456069946289,S02_alert
0.9868016242980957,1,S02_alert_000308,27,0.9865443110466003,0.00025731325149536133,S02_alert
0.9868016242980957,1,S02_alert_000308,28,0.9859892129898071,0.0008124113082885742,S02_alert
0.9868016242980957,1,S02_alert_000308,29,0.9863004684448242,0.0005011558532714844,S02_alert
0.9868016242980957,1,S02_alert_000308,30,0.9862663745880127,0.0005352497100830078,S02_alert
0.9868016242980957,1,S02_alert_000308,31,0.985874593257904,0.0009270310401916504,S02_alert
0.9868016242980957,1,S02_alert_000308,32,0.9860529899597168,0.0007486343383789062,S02_alert
0.9868016242980957,1,S02_alert_000308,33,0.9861772656440735,0.0006243586540222168,S02_alert
0.9868016242980957,1,S02_alert_000308,34,0.9863317012786865,0.0004699230194091797,S02_alert
0.9868016242980957,1,S02_alert_000308,35,0.9864428043365479,0.00035881996154785156,S02_alert
0.9868016242980957,1,S02_alert_000308,36,0.9863942265510559,0.0004073977470397949,S02_alert
0.9868016242980957,1,S02_alert_000308,37,0.9864147305488586,0.00038689374923706055,S02_alert
0.9868016242980957,1,S02_alert_000308,38,0.985985517501831,0.0008161067962646484,S02_alert
0.9868016242980957,1,S02_alert_000308,39,0.98585444688797,0.0009471774101257324,S02_alert
0.9918004870414734,1,S02_alert_000336,0,0.9919191598892212,-0.00011867284774780273,S02_alert
0.9918004870414734,1,S02_alert_000336,1,0.992783784866333,-0.0009832978248596191,S02_alert
0.9918004870414734,1,S02_alert_000336,2,0.9930599927902222,-0.0012595057487487793,S02_alert
0.9918004870414734,1,S02_alert_000336,3,0.9923447966575623,-0.0005443096160888672,S02_alert
0.9918004870414734,1,S02_alert_000336,4,0.9930005073547363,-0.0012000203132629395,S02_alert
0.9918004870414734,1,S02_alert_000336,5,0.9933307766914368,-0.001530289649963379,S02_alert
0.9918004870414734,1,S02_alert_000336,6,0.9931542873382568,-0.0013538002967834473,S02_alert
0.9918004870414734,1,S02_alert_000336,7,0.9938513040542603,-0.0020508170127868652,S02_alert
0.9918004870414734,1,S02_alert_000336,8,0.9933581948280334,-0.0015577077865600586,S02_alert
0.9918004870414734,1,S02_alert_000336,9,0.9940007328987122,-0.0022002458572387695,S02_alert
0.9918004870414734,1,S02_alert_000336,10,0.9929405450820923,-0.0011400580406188965,S02_alert
0.9918004870414734,1,S02_alert_000336,11,0.9928568601608276,-0.001056373119354248,S02_alert
0.9918004870414734,1,S02_alert_000336,12,0.9926522970199585,-0.0008518099784851074,S02_alert
0.9918004870414734,1,S02_alert_000336,13,0.9924383759498596,-0.0006378889083862305,S02_alert
0.9918004870414734,1,S02_alert_000336,14,0.9919946193695068,-0.00019413232803344727,S02_alert
0.9918004870414734,1,S02_alert_000336,15,0.9918732047080994,-7.271766662597656e-05,S02_alert
0.9918004870414734,1,S02_alert_000336,16,0.9916409254074097,0.0001595616340637207,S02_alert
0.9918004870414734,1,S02_alert_000336,17,0.9917673468589783,3.314018249511719e-05,S02_alert
0.9918004870414734,1,S02_alert_000336,18,0.9916130304336548,0.00018745660781860352,S02_alert
0.9918004870414734,1,S02_alert_000336,19,0.9914303421974182,0.0003701448440551758,S02_alert
0.9918004870414734,1,S02_alert_000336,20,0.9912765026092529,0.000523984432220459,S02_alert
0.9918004870414734,1,S02_alert_000336,21,0.991296648979187,0.000503838062286377,S02_alert
0.9918004870414734,1,S02_alert_000336,22,0.9913294315338135,0.0004710555076599121,S02_alert
0.9918004870414734,1,S02_alert_000336,23,0.9913500547409058,0.00045043230056762695,S02_alert
0.9918004870414734,1,S02_alert_000336,24,0.9914241433143616,0.0003763437271118164,S02_alert
0.9918004870414734,1,S02_alert_000336,25,0.9914666414260864,0.0003338456153869629,S02_alert
0.9918004870414734,1,S02_alert_000336,26,0.9914464950561523,0.0003539919853210449,S02_alert
0.9918004870414734,1,S02_alert_000336,27,0.9915367364883423,0.0002637505531311035,S02_alert
0.9918004870414734,1,S02_alert_000336,28,0.9915465712547302,0.00025391578674316406,S02_alert
0.9918004870414734,1,S02_alert_000336,29,0.9914901852607727,0.0003103017807006836,S02_alert
0.9918004870414734,1,S02_alert_000336,30,0.9915288686752319,0.0002716183662414551,S02_alert
0.9918004870414734,1,S02_alert_000336,31,0.9916383624076843,0.0001621246337890625,S02_alert
0.9918004870414734,1,S02_alert_000336,32,0.991664707660675,0.00013577938079833984,S02_alert
0.9918004870414734,1,S02_alert_000336,33,0.9916348457336426,0.00016564130783081055,S02_alert
0.9918004870414734,1,S02_alert_000336,34,0.9914892911911011,0.00031119585037231445,S02_alert
0.9918004870414734,1,S02_alert_000336,35,0.9914271831512451,0.0003733038902282715,S02_alert
0.9918004870414734,1,S02_alert_000336,36,0.9914964437484741,0.0003040432929992676,S02_alert
0.9918004870414734,1,S02_alert_000336,37,0.9915137887001038,0.0002866983413696289,S02_alert
0.9918004870414734,1,S02_alert_000336,38,0.991389811038971,0.0004106760025024414,S02_alert
0.9918004870414734,1,S02_alert_000336,39,0.9913532137870789,0.00044727325439453125,S02_alert
0.9418895840644836,1,S02_alert_000364,0,0.9342710971832275,0.0076184868812561035,S02_alert
0.9418895840644836,1,S02_alert_000364,1,0.9527106881141663,-0.010821104049682617,S02_alert
0.9418895840644836,1,S02_alert_000364,2,0.9451064467430115,-0.003216862678527832,S02_alert
0.9418895840644836,1,S02_alert_000364,3,0.9484241008758545,-0.00653451681137085,S02_alert
0.9418895840644836,1,S02_alert_000364,4,0.9493095278739929,-0.007419943809509277,S02_alert
0.9418895840644836,1,S02_alert_000364,5,0.9480729103088379,-0.006183326244354248,S02_alert
0.9418895840644836,1,S02_alert_000364,6,0.9376950860023499,0.004194498062133789,S02_alert
0.9418895840644836,1,S02_alert_000364,7,0.9472639560699463,-0.0053743720054626465,S02_alert
0.9418895840644836,1,S02_alert_000364,8,0.9457097053527832,-0.0038201212882995605,S02_alert
0.9418895840644836,1,S02_alert_000364,9,0.9466264843940735,-0.004736900329589844,S02_alert
0.9418895840644836,1,S02_alert_000364,10,0.9406970143318176,0.0011925697326660156,S02_alert
0.9418895840644836,1,S02_alert_000364,11,0.9481316208839417,-0.006242036819458008,S02_alert
0.9418895840644836,1,S02_alert_000364,12,0.9515398740768433,-0.00965029001235962,S02_alert
0.9418895840644836,1,S02_alert_000364,13,0.9553850889205933,-0.01349550485610962,S02_alert
0.9418895840644836,1,S02_alert_000364,14,0.9533640146255493,-0.011474430561065674,S02_alert
0.9418895840644836,1,S02_alert_000364,15,0.9537645578384399,-0.011874973773956299,S02_alert
0.9418895840644836,1,S02_alert_000364,16,0.9545907974243164,-0.012701213359832764,S02_alert
0.9418895840644836,1,S02_alert_000364,17,0.9510958194732666,-0.009206235408782959,S02_alert
0.9418895840644836,1,S02_alert_000364,18,0.9469801783561707,-0.005090594291687012,S02_alert
0.9418895840644836,1,S02_alert_000364,19,0.9484034776687622,-0.0065138936042785645,S02_alert
0.9418895840644836,1,S02_alert_000364,20,0.9499142169952393,-0.008024632930755615,S02_alert
0.9418895840644836,1,S02_alert_000364,21,0.9435247778892517,-0.0016351938247680664,S02_alert
0.9418895840644836,1,S02_alert_000364,22,0.9439314007759094,-0.0020418167114257812,S02_alert
0.9418895840644836,1,S02_alert_000364,23,0.9398281574249268,0.0020614266395568848,S02_alert
0.9418895840644836,1,S02_alert_000364,24,0.9441046714782715,-0.002215087413787842,S02_alert
0.9418895840644836,1,S02_alert_000364,25,0.944581151008606,-0.0026915669441223145,S02_alert
0.9418895840644836,1,S02_alert_000364,26,0.9432132840156555,-0.001323699951171875,S02_alert
0.9418895840644836,1,S02_alert_000364,27,0.9471385478973389,-0.005248963832855225,S02_alert
0.9418895840644836,1,S02_alert_000364,28,0.9432886838912964,-0.0013990998268127441,S02_alert
0.9418895840644836,1,S02_alert_000364,29,0.9466486573219299,-0.004759073257446289,S02_alert
0.9418895840644836,1,S02_alert_000364,30,0.9451865553855896,-0.003296971321105957,S02_alert
0.9418895840644836,1,S02_alert_000364,31,0.9449066519737244,-0.0030170679092407227,S02_alert
0.9418895840644836,1,S02_alert_000364,32,0.9437849521636963,-0.0018953680992126465,S02_alert
0.9418895840644836,1,S02_alert_000364,33,0.9423788785934448,-0.0004892945289611816,S02_alert
0.9418895840644836,1,S02_alert_000364,34,0.941466212272644,0.0004233717918395996,S02_alert
0.9418895840644836,1,S02_alert_000364,35,0.9419115781784058,-2.199411392211914e-05,S02_alert
0.9418895840644836,1,S02_alert_000364,36,0.940972089767456,0.0009174942970275879,S02_alert
0.9418895840644836,1,S02_alert_000364,37,0.9410511255264282,0.0008384585380554199,S02_alert
0.9418895840644836,1,S02_alert_000364,38,0.940739631652832,0.0011499524116516113,S02_alert
0.9418895840644836,1,S02_alert_000364,39,0.9402274489402771,0.001662135124206543,S02_alert
0.7321078777313232,1,S02_alert_000392,0,0.7013030052185059,0.030804872512817383,S02_alert
0.7321078777313232,1,S02_alert_000392,1,0.7468459606170654,-0.014738082885742188,S02_alert
0.7321078777313232,1,S02_alert_000392,2,0.7273789048194885,0.004728972911834717,S02_alert
0.7321078777313232,1,S02_alert_000392,3,0.727472722530365,0.004635155200958252,S02_alert
0.7321078777313232,1,S02_alert_000392,4,0.7319653630256653,0.00014251470565795898,S02_alert
0.7321078777313232,1,S02_alert_000392,5,0.7137329578399658,0.018374919891357422,S02_alert
0.7321078777313232,1,S02_alert_000392,6,0.7109934687614441,0.02111440896987915,S02_alert
0.7321078777313232,1,S02_alert_000392,7,0.7314949035644531,0.0006129741668701172,S02_alert
0.7321078777313232,1,S02_alert_000392,8,0.7191505432128906,0.012957334518432617,S02_alert
0.7321078777313232,1,S02_alert_000392,9,0.740729570388794,-0.008621692657470703,S02_alert
0.7321078777313232,1,S02_alert_000392,10,0.7405346632003784,-0.008426785469055176,S02_alert
0.7321078777313232,1,S02_alert_000392,11,0.7628843784332275,-0.030776500701904297,S02_alert
0.7321078777313232,1,S02_alert_000392,12,0.7633344531059265,-0.03122657537460327,S02_alert
0.7321078777313232,1,S02_alert_000392,13,0.7628791928291321,-0.030771315097808838,S02_alert
0.7321078777313232,1,S02_alert_000392,14,0.7460986375808716,-0.01399075984954834,S02_alert
0.7321078777313232,1,S02_alert_000392,15,0.7513342499732971,-0.019226372241973877,S02_alert
0.7321078777313232,1,S02_alert_000392,16,0.7525520920753479,-0.020444214344024658,S02_alert
0.7321078777313232,1,S02_alert_000392,17,0.7384632229804993,-0.006355345249176025,S02_alert
0.7321078777313232,1,S02_alert_000392,18,0.7306041121482849,0.00150376558303833,S02_alert
0.7321078777313232,1,S02_alert_000392,19,0.725193440914154,0.0069144368171691895,S02_alert
0.7321078777313232,1,S02_alert_000392,20,0.7178092002868652,0.014298677444458008,S02_alert
0.7321078777313232,1,S02_alert_000392,21,0.7113456726074219,0.020762205123901367,S02_alert
0.7321078777313232,1,S02_alert_000392,22,0.7386654615402222,-0.006557583808898926,S02_alert
0.7321078777313232,1,S02_alert_000392,23,0.7202345728874207,0.011873304843902588,S02_alert
0.7321078777313232,1,S02_alert_000392,24,0.7242706418037415,0.007837235927581787,S02_alert
0.7321078777313232,1,S02_alert_000392,25,0.7369547486305237,-0.0048468708992004395,S02_alert
0.7321078777313232,1,S02_alert_000392,26,0.7288357019424438,0.0032721757888793945,S02_alert
0.7321078777313232,1,S02_alert_000392,27,0.729019045829773,0.003088831901550293,S02_alert
0.7321078777313232,1,S02_alert_000392,28,0.7381523847579956,-0.006044507026672363,S02_alert
0.7321078777313232,1,S02_alert_000392,29,0.7417427897453308,-0.009634912014007568,S02_alert
0.7321078777313232,1,S02_alert_000392,30,0.7349225282669067,-0.002814650535583496,S02_alert
0.7321078777313232,1,S02_alert_000392,31,0.7279884219169617,0.004119455814361572,S02_alert
0.7321078777313232,1,S02_alert_000392,32,0.7274601459503174,0.004647731781005859,S02_alert
0.7321078777313232,1,S02_alert_000392,33,0.7310636639595032,0.0010442137718200684,S02_alert
0.7321078777313232,1,S02_alert_000392,34,0.7235548496246338,0.008553028106689453,S02_alert
0.7321078777313232,1,S02_alert_000392,35,0.7265369892120361,0.005570888519287109,S02_alert
0.7321078777313232,1,S02_alert_000392,36,0.7271380424499512,0.00496983528137207,S02_alert
0.7321078777313232,1,S02_alert_000392,37,0.7275996208190918,0.004508256912231445,S02_alert
0.7321078777313232,1,S02_alert_000392,38,0.726543664932251,0.005564212799072266,S02_alert
0.7321078777313232,1,S02_alert_000392,39,0.7250416874885559,0.007066190242767334,S02_alert
0.7743111848831177,1,S02_alert_000420,0,0.7919557690620422,-0.01764458417892456,S02_alert
0.7743111848831177,1,S02_alert_000420,1,0.7711628675460815,0.003148317337036133,S02_alert
0.7743111848831177,1,S02_alert_000420,2,0.7713401317596436,0.002971053123474121,S02_alert
0.7743111848831177,1,S02_alert_000420,3,0.7677060961723328,0.006605088710784912,S02_alert
0.7743111848831177,1,S02_alert_000420,4,0.7756105661392212,-0.0012993812561035156,S02_alert
0.7743111848831177,1,S02_alert_000420,5,0.7850416898727417,-0.010730504989624023,S02_alert
0.7743111848831177,1,S02_alert_000420,6,0.7531797289848328,0.021131455898284912,S02_alert
0.7743111848831177,1,S02_alert_000420,7,0.768432080745697,0.005879104137420654,S02_alert
0.7743111848831177,1,S02_alert_000420,8,0.7837183475494385,-0.0094071626663208,S02_alert
0.7743111848831177,1,S02_alert_000420,9,0.7855625748634338,-0.011251389980316162,S02_alert
0.7743111848831177,1,S02_alert_000420,10,0.7906755805015564,-0.01636439561843872,S02_alert
0.7743111848831177,1,S02_alert_000420,11,0.7868731617927551,-0.012561976909637451,S02_alert
0.7743111848831177,1,S02_alert_000420,12,0.7802010774612427,-0.005889892578125,S02_alert
0.7743111848831177,1,S02_alert_000420,13,0.7769350409507751,-0.0026238560676574707,S02_alert
0.7743111848831177,1,S02_alert_000420,14,0.7832409739494324,-0.008929789066314697,S02_alert
0.7743111848831177,1,S02_alert_000420,15,0.7776627540588379,-0.003351569175720215,S02_alert
0.7743111848831177,1,S02_alert_000420,16,0.78065425157547,-0.006343066692352295,S02_alert
0.7743111848831177,1,S02_alert_000420,17,0.7690249085426331,0.005286276340484619,S02_alert
0.7743111848831177,1,S02_alert_000420,18,0.7688337564468384,0.005477428436279297,S02_alert
0.7743111848831177,1,S02_alert_000420,19,0.7740676403045654,0.0002435445785522461,S02_alert
0.7743111848831177,1,S02_alert_000420,20,0.7840330600738525,-0.009721875190734863,S02_alert
0.7743111848831177,1,S02_alert_000420,21,0.7773522138595581,-0.0030410289764404297,S02_alert
0.7743111848831177,1,S02_alert_000420,22,0.7757027745246887,-0.001391589641571045,S02_alert
0.7743111848831177,1,S02_alert_000420,23,0.7749907374382019,-0.0006795525550842285,S02_alert
0.7743111848831177,1,S02_alert_000420,24,0.7829126119613647,-0.00860142707824707,S02_alert
0.7743111848831177,1,S02_alert_000420,25,0.7724443078041077,0.0018668770790100098,S02_alert
0.7743111848831177,1,S02_alert_000420,26,0.7713005542755127,0.0030106306076049805,S02_alert
0.7743111848831177,1,S02_alert_000420,27,0.7767281532287598,-0.00241696834564209,S02_alert
0.7743111848831177,1,S02_alert_000420,28,0.7824575304985046,-0.008146345615386963,S02_alert
0.7743111848831177,1,S02_alert_000420,29,0.7787187695503235,-0.0044075846672058105,S02_alert
0.7743111848831177,1,S02_alert_000420,30,0.7782206535339355,-0.003909468650817871,S02_alert
0.7743111848831177,1,S02_alert_000420,31,0.7715683579444885,0.0027428269386291504,S02_alert
0.7743111848831177,1,S02_alert_000420,32,0.7701016664505005,0.0042095184326171875,S02_alert
0.7743111848831177,1,S02_alert_000420,33,0.7714411616325378,0.002870023250579834,S02_alert
0.7743111848831177,1,S02_alert_000420,34,0.771653413772583,0.002657771110534668,S02_alert
0.7743111848831177,1,S02_alert_000420,35,0.7740990519523621,0.00021213293075561523,S02_alert
0.7743111848831177,1,S02_alert_000420,36,0.774107038974762,0.0002041459083557129,S02_alert
0.7743111848831177,1,S02_alert_000420,37,0.7762757539749146,-0.001964569091796875,S02_alert
0.7743111848831177,1,S02_alert_000420,38,0.7749163508415222,-0.000605165958404541,S02_alert
0.7743111848831177,1,S02_alert_000420,39,0.7710543274879456,0.003256857395172119,S02_alert
0.7363744378089905,1,S02_alert_000448,0,0.7445641160011292,-0.008189678192138672,S02_alert
0.7363744378089905,1,S02_alert_000448,1,0.7476131319999695,-0.011238694190979004,S02_alert
0.7363744378089905,1,S02_alert_000448,2,0.7383322715759277,-0.001957833766937256,S02_alert
0.7363744378089905,1,S02_alert_000448,3,0.7341487407684326,0.0022256970405578613,S02_alert
0.7363744378089905,1,S02_alert_000448,4,0.723051905632019,0.013322532176971436,S02_alert
0.7363744378089905,1,S02_alert_000448,5,0.7323221564292908,0.004052281379699707,S02_alert
0.7363744378089905,1,S02_alert_000448,6,0.7259475588798523,0.010426878929138184,S02_alert
0.7363744378089905,1,S02_alert_000448,7,0.7352437376976013,0.0011307001113891602,S02_alert
0.7363744378089905,1,S02_alert_000448,8,0.7363295555114746,4.488229751586914e-05,S02_alert
0.7363744378089905,1,S02_alert_000448,9,0.7475151419639587,-0.011140704154968262,S02_alert
0.7363744378089905,1,S02_alert_000448,10,0.7471302151679993,-0.010755777359008789,S02_alert
0.7363744378089905,1,S02_alert_000448,11,0.727320671081543,0.00905376672744751,S02_alert
0.7363744378089905,1,S02_alert_000448,12,0.7465508580207825,-0.010176420211791992,S02_alert
0.7363744378089905,1,S02_alert_000448,13,0.7288884520530701,0.00748598575592041,S02_alert
0.7363744378089905,1,S02_alert_000448,14,0.73939448595047,-0.003020048141479492,S02_alert
0.7363744378089905,1,S02_alert_000448,15,0.7165883183479309,0.01978611946105957,S02_alert
0.7363744378089905,1,S02_alert_000448,16,0.7264178395271301,0.009956598281860352,S02_alert
0.7363744378089905,1,S02_alert_000448,17,0.7320895195007324,0.004284918308258057,S02_alert
0.7363744378089905,1,S02_alert_000448,18,0.7488752007484436,-0.012500762939453125,S02_alert
0.7363744378089905,1,S02_alert_000448,19,0.7395403385162354,-0.003165900707244873,S02_alert
0.7363744378089905,1,S02_alert_000448,20,0.7495993971824646,-0.013224959373474121,S02_alert
0.7363744378089905,1,S02_alert_000448,21,0.747987687587738,-0.011613249778747559,S02_alert
0.7363744378089905,1,S02_alert_000448,22,0.735633909702301,0.0007405281066894531,S02_alert
0.7363744378089905,1,S02_alert_000448,23,0.7355194091796875,0.0008550286293029785,S02_alert
0.7363744378089905,1,S02_alert_000448,24,0.7363181710243225,5.626678466796875e-05,S02_alert
0.7363744378089905,1,S02_alert_000448,25,0.7344091534614563,0.0019652843475341797,S02_alert
0.7363744378089905,1,S02_alert_000448,26,0.7279168963432312,0.008457541465759277,S02_alert
0.7363744378089905,1,S02_alert_000448,27,0.7377684116363525,-0.0013939738273620605,S02_alert
0.7363744378089905,1,S02_alert_000448,28,0.7430812120437622,-0.0067067742347717285,S02_alert
0.7363744378089905,1,S02_alert_000448,29,0.7455007433891296,-0.00912630558013916,S02_alert
0.7363744378089905,1,S02_alert_000448,30,0.7417445778846741,-0.005370140075683594,S02_alert
0.7363744378089905,1,S02_alert_000448,31,0.7409355044364929,-0.004561066627502441,S02_alert
0.7363744378089905,1,S02_alert_000448,32,0.7432871460914612,-0.006912708282470703,S02_alert
0.7363744378089905,1,S02_alert_000448,33,0.7419081926345825,-0.005533754825592041,S02_alert
0.7363744378089905,1,S02_alert_000448,34,0.7414966821670532,-0.005122244358062744,S02_alert
0.7363744378089905,1,S02_alert_000448,35,0.7342972159385681,0.0020772218704223633,S02_alert
0.7363744378089905,1,S02_alert_000448,36,0.7292618751525879,0.007112562656402588,S02_alert
0.7363744378089905,1,S02_alert_000448,37,0.7291712760925293,0.007203161716461182,S02_alert
0.7363744378089905,1,S02_alert_000448,38,0.7301536798477173,0.006220757961273193,S02_alert
0.7363744378089905,1,S02_alert_000448,39,0.7276248335838318,0.008749604225158691,S02_alert
0.8484221696853638,1,S02_alert_000476,0,0.8479875326156616,0.00043463706970214844,S02_alert
0.8484221696853638,1,S02_alert_000476,1,0.856086790561676,-0.007664620876312256,S02_alert
0.8484221696853638,1,S02_alert_000476,2,0.8566056489944458,-0.008183479309082031,S02_alert
0.8484221696853638,1,S02_alert_000476,3,0.8559295535087585,-0.007507383823394775,S02_alert
0.8484221696853638,1,S02_alert_000476,4,0.8600392937660217,-0.011617124080657959,S02_alert
0.8484221696853638,1,S02_alert_000476,5,0.8593024015426636,-0.010880231857299805,S02_alert
0.8484221696853638,1,S02_alert_000476,6,0.8641992807388306,-0.015777111053466797,S02_alert
0.8484221696853638,1,S02_alert_000476,7,0.8519923686981201,-0.0035701990127563477,S02_alert
0.8484221696853638,1,S02_alert_000476,8,0.8453964591026306,0.0030257105827331543,S02_alert
0.8484221696853638,1,S02_alert_000476,9,0.8511659502983093,-0.0027437806129455566,S02_alert
0.8484221696853638,1,S02_alert_000476,10,0.8673320412635803,-0.018909871578216553,S02_alert
0.8484221696853638,1,S02_alert_000476,11,0.8558900356292725,-0.007467865943908691,S02_alert
0.8484221696853638,1,S02_alert_000476,12,0.8519448041915894,-0.003522634506225586,S02_alert
0.8484221696853638,1,S02_alert_000476,13,0.8498049974441528,-0.0013828277587890625,S02_alert
0.8484221696853638,1,S02_alert_000476,14,0.8490943312644958,-0.0006721615791320801,S02_alert
0.8484221696853638,1,S02_alert_000476,15,0.8490371704101562,-0.0006150007247924805,S02_alert
0.8484221696853638,1,S02_alert_000476,16,0.8484283685684204,-6.198883056640625e-06,S02_alert
0.8484221696853638,1,S02_alert_000476,17,0.8515113592147827,-0.0030891895294189453,S02_alert
0.8484221696853638,1,S02_alert_000476,18,0.8510119915008545,-0.0025898218154907227,S02_alert
0.8484221696853638,1,S02_alert_000476,19,0.8557029366493225,-0.00728076696395874,S02_alert
0.8484221696853638,1,S02_alert_000476,20,0.8567150235176086,-0.008292853832244873,S02_alert
0.8484221696853638,1,S02_alert_000476,21,0.8603224158287048,-0.011900246143341064,S02_alert
0.8484221696853638,1,S02_alert_000476,22,0.8580368757247925,-0.009614706039428711,S02_alert
0.8484221696853638,1,S02_alert_000476,23,0.8519312739372253,-0.0035091042518615723,S02_alert
0.8484221696853638,1,S02_alert_000476,24,0.8544039726257324,-0.005981802940368652,S02_alert
0.8484221696853638,1,S02_alert_000476,25,0.8450661301612854,0.003356039524078369,S02_alert
0.8484221696853638,1,S02_alert_000476,26,0.8460407853126526,0.0023813843727111816,S02_alert
0.8484221696853638,1,S02_alert_000476,27,0.8524580001831055,-0.004035830497741699,S02_alert
0.8484221696853638,1,S02_alert_000476,28,0.8486195206642151,-0.00019735097885131836,S02_alert
0.8484221696853638,1,S02_alert_000476,29,0.8532529473304749,-0.004830777645111084,S02_alert
0.8484221696853638,1,S02_alert_000476,30,0.8590731620788574,-0.010650992393493652,S02_alert
0.8484221696853638,1,S02_alert_000476,31,0.8565235733985901,-0.008101403713226318,S02_alert
0.8484221696853638,1,S02_alert_000476,32,0.8548160195350647,-0.006393849849700928,S02_alert
0.8484221696853638,1,S02_alert_000476,33,0.8545779585838318,-0.006155788898468018,S02_alert
0.8484221696853638,1,S02_alert_000476,34,0.8497042059898376,-0.001282036304473877,S02_alert
0.8484221696853638,1,S02_alert_000476,35,0.8496246337890625,-0.0012024641036987305,S02_alert
0.8484221696853638,1,S02_alert_000476,36,0.847348153591156,0.0010740160942077637,S02_alert
0.8484221696853638,1,S02_alert_000476,37,0.8466284275054932,0.0017937421798706055,S02_alert
0.8484221696853638,1,S02_alert_000476,38,0.8449435234069824,0.0034786462783813477,S02_alert
0.8484221696853638,1,S02_alert_000476,39,0.8429486751556396,0.005473494529724121,S02_alert
0.779691755771637,1,S02_alert_000504,0,0.7538931965827942,0.025798559188842773,S02_alert
0.779691755771637,1,S02_alert_000504,1,0.8081561326980591,-0.02846437692642212,S02_alert
0.779691755771637,1,S02_alert_000504,2,0.8294214606285095,-0.04972970485687256,S02_alert
0.779691755771637,1,S02_alert_000504,3,0.8333384394645691,-0.05364668369293213,S02_alert
0.779691755771637,1,S02_alert_000504,4,0.8274951577186584,-0.047803401947021484,S02_alert
0.779691755771637,1,S02_alert_000504,5,0.8318563103675842,-0.052164554595947266,S02_alert
0.779691755771637,1,S02_alert_000504,6,0.8260699510574341,-0.04637819528579712,S02_alert
0.779691755771637,1,S02_alert_000504,7,0.8253461718559265,-0.04565441608428955,S02_alert
0.779691755771637,1,S02_alert_000504,8,0.8229262232780457,-0.04323446750640869,S02_alert
0.779691755771637,1,S02_alert_000504,9,0.820121169090271,-0.04042941331863403,S02_alert
0.779691755771637,1,S02_alert_000504,10,0.8120408058166504,-0.03234905004501343,S02_alert
0.779691755771637,1,S02_alert_000504,11,0.8169532418251038,-0.0372614860534668,S02_alert
0.779691755771637,1,S02_alert_000504,12,0.8185378313064575,-0.03884607553482056,S02_alert
0.779691755771637,1,S02_alert_000504,13,0.8093886375427246,-0.029696881771087646,S02_alert
0.779691755771637,1,S02_alert_000504,14,0.7983898520469666,-0.01869809627532959,S02_alert
0.779691755771637,1,S02_alert_000504,15,0.8117567300796509,-0.032064974308013916,S02_alert
0.779691755771637,1,S02_alert_000504,16,0.8125064969062805,-0.032814741134643555,S02_alert
0.779691755771637,1,S02_alert_000504,17,0.7983480095863342,-0.018656253814697266,S02_alert
0.779691755771637,1,S02_alert_000504,18,0.7989139556884766,-0.0192221999168396,S02_alert
0.779691755771637,1,S02_alert_000504,19,0.7952057719230652,-0.015514016151428223,S02_alert
0.779691755771637,1,S02_alert_000504,20,0.8048970699310303,-0.02520531415939331,S02_alert
0.779691755771637,1,S02_alert_000504,21,0.7942933440208435,-0.014601588249206543,S02_alert
0.779691755771637,1,S02_alert_000504,22,0.8101333975791931,-0.030441641807556152,S02_alert
0.779691755771637,1,S02_alert_000504,23,0.8127021193504333,-0.03301036357879639,S02_alert
0.779691755771637,1,S02_alert_000504,24,0.8092565536499023,-0.02956479787826538,S02_alert
0.779691755771637,1,S02_alert_000504,25,0.8065164089202881,-0.026824653148651123,S02_alert
0.779691755771637,1,S02_alert_000504,26,0.8085363507270813,-0.028844594955444336,S02_alert
0.779691755771637,1,S02_alert_000504,27,0.8027627468109131,-0.023070991039276123,S02_alert
0.779691755771637,1,S02_alert_000504,28,0.7991530895233154,-0.019461333751678467,S02_alert
0.779691755771637,1,S02_alert_000504,29,0.8003398180007935,-0.020648062229156494,S02_alert
0.779691755771637,1,S02_alert_000504,30,0.7953248023986816,-0.015633046627044678,S02_alert
0.779691755771637,1,S02_alert_000504,31,0.8039245009422302,-0.02423274517059326,S02_alert
0.779691755771637,1,S02_alert_000504,32,0.7892811298370361,-0.00958937406539917,S02_alert
0.779691755771637,1,S02_alert_000504,33,0.7900590300559998,-0.010367274284362793,S02_alert
0.779691755771637,1,S02_alert_000504,34,0.7861737012863159,-0.006481945514678955,S02_alert
0.779691755771637,1,S02_alert_000504,35,0.7859581112861633,-0.006266355514526367,S02_alert
0.779691755771637,1,S02_alert_000504,36,0.7784957885742188,0.0011959671974182129,S02_alert
0.779691755771637,1,S02_alert_000504,37,0.779067873954773,0.0006238818168640137,S02_alert
0.779691755771637,1,S02_alert_000504,38,0.7776333689689636,0.00205838680267334,S02_alert
0.779691755771637,1,S02_alert_000504,39,0.7737164497375488,0.005975306034088135,S02_alert
0.7086589932441711,1,S02_alert_000532,0,0.712880551815033,-0.004221558570861816,S02_alert
0.7086589932441711,1,S02_alert_000532,1,0.7599366903305054,-0.05127769708633423,S02_alert
0.7086589932441711,1,S02_alert_000532,2,0.776792585849762,-0.06813359260559082,S02_alert
0.7086589932441711,1,S02_alert_000532,3,0.8172383904457092,-0.10857939720153809,S02_alert
0.7086589932441711,1,S02_alert_000532,4,0.7647754549980164,-0.056116461753845215,S02_alert
0.7086589932441711,1,S02_alert_000532,5,0.801347553730011,-0.09268856048583984,S02_alert
0.7086589932441711,1,S02_alert_000532,6,0.7774590849876404,-0.06880009174346924,S02_alert
0.7086589932441711,1,S02_alert_000532,7,0.800822377204895,-0.09216338396072388,S02_alert
0.7086589932441711,1,S02_alert_000532,8,0.7657767534255981,-0.057117760181427,S02_alert
0.7086589932441711,1,S02_alert_000532,9,0.7928339838981628,-0.0841749906539917,S02_alert
0.7086589932441711,1,S02_alert_000532,10,0.79679936170578,-0.08814036846160889,S02_alert
0.7086589932441711,1,S02_alert_000532,11,0.7771205902099609,-0.0684615969657898,S02_alert
0.7086589932441711,1,S02_alert_000532,12,0.7641651630401611,-0.05550616979598999,S02_alert
0.7086589932441711,1,S02_alert_000532,13,0.7596596479415894,-0.05100065469741821,S02_alert
0.7086589932441711,1,S02_alert_000532,14,0.7542791366577148,-0.0456201434135437,S02_alert
0.7086589932441711,1,S02_alert_000532,15,0.7486593127250671,-0.040000319480895996,S02_alert
0.7086589932441711,1,S02_alert_000532,16,0.7534984946250916,-0.04483950138092041,S02_alert
0.7086589932441711,1,S02_alert_000532,17,0.7604314088821411,-0.05177241563796997,S02_alert
0.7086589932441711,1,S02_alert_000532,18,0.765438437461853,-0.056779444217681885,S02_alert
0.7086589932441711,1,S02_alert_000532,19,0.7395647764205933,-0.03090578317642212,S02_alert
0.7086589932441711,1,S02_alert_000532,20,0.7570861577987671,-0.04842716455459595,S02_alert
0.7086589932441711,1,S02_alert_000532,21,0.7804767489433289,-0.07181775569915771,S02_alert
0.7086589932441711,1,S02_alert_000532,22,0.7672933340072632,-0.05863434076309204,S02_alert
0.7086589932441711,1,S02_alert_000532,23,0.7498583197593689,-0.041199326515197754,S02_alert
0.7086589932441711,1,S02_alert_000532,24,0.7564494609832764,-0.047790467739105225,S02_alert
0.7086589932441711,1,S02_alert_000532,25,0.7577759027481079,-0.04911690950393677,S02_alert
0.7086589932441711,1,S02_alert_000532,26,0.7482942938804626,-0.039635300636291504,S02_alert
0.7086589932441711,1,S02_alert_000532,27,0.7546879649162292,-0.046028971672058105,S02_alert
0.7086589932441711,1,S02_alert_000532,28,0.755738377571106,-0.047079384326934814,S02_alert
0.7086589932441711,1,S02_alert_000532,29,0.7400420308113098,-0.03138303756713867,S02_alert
0.7086589932441711,1,S02_alert_000532,30,0.7267736792564392,-0.018114686012268066,S02_alert
0.7086589932441711,1,S02_alert_000532,31,0.7243717908859253,-0.01571279764175415,S02_alert
0.7086589932441711,1,S02_alert_000532,32,0.7149476408958435,-0.006288647651672363,S02_alert
0.7086589932441711,1,S02_alert_000532,33,0.718665599822998,-0.010006606578826904,S02_alert
0.7086589932441711,1,S02_alert_000532,34,0.7080775499343872,0.0005814433097839355,S02_alert
0.7086589932441711,1,S02_alert_000532,35,0.7079184651374817,0.0007405281066894531,S02_alert
0.7086589932441711,1,S02_alert_000532,36,0.701705813407898,0.006953179836273193,S02_alert
0.7086589932441711,1,S02_alert_000532,37,0.6976328492164612,0.011026144027709961,S02_alert
0.7086589932441711,1,S02_alert_000532,38,0.6939637064933777,0.014695286750793457,S02_alert
0.7086589932441711,1,S02_alert_000532,39,0.6893118619918823,0.01934713125228882,S02_alert
