clip_id,clip_relative_frame,ear,frame_index,mar,timestamp_seconds,valid_frame,video_id
S02_alert_000448,0,0.29749026894569397,448,0.008338354527950287,89.5999984741211,True,S02_alert
S02_alert_000448,1,0.3032868206501007,449,0.009294545277953148,89.80000305175781,True,S02_alert
S02_alert_000448,2,0.30312979221343994,450,0.009626146405935287,90.0,True,S02_alert
S02_alert_000448,3,0.30640751123428345,451,0.01581425592303276,90.20000457763672,True,S02_alert
S02_alert_000448,4,0.3017940819263458,452,0.02086625061929226,90.4000015258789,True,S02_alert
S02_alert_000448,5,0.2993476688861847,453,0.017140507698059082,90.5999984741211,True,S02_alert
S02_alert_000448,6,0.3002198040485382,454,0.011793737299740314,90.80000305175781,True,S02_alert
S02_alert_000448,7,0.2996217906475067,455,0.017487099394202232,91.0,True,S02_alert
S02_alert_000448,8,0.30149367451667786,456,0.01941348798573017,91.20000457763672,True,S02_alert
S02_alert_000448,9,0.30580657720565796,457,0.014742058701813221,91.4000015258789,True,S02_alert
S02_alert_000448,10,0.30106350779533386,458,0.016326390206813812,91.5999984741211,True,S02_alert
S02_alert_000448,11,0.3042609989643097,459,0.011465119197964668,91.80000305175781,True,S02_alert
S02_alert_000448,12,0.2936815917491913,460,0.013194466009736061,92.0,True,S02_alert
S02_alert_000448,13,0.28768450021743774,461,0.013671754859387875,92.20000457763672,True,S02_alert
S02_alert_000448,14,0.2926407754421234,462,0.015378103591501713,92.4000015258789,True,S02_alert
S02_alert_000448,15,0.29146063327789307,463,0.0107781533151865,92.5999984741211,True,S02_alert
S02_alert_000448,16,0.2944740355014801,464,0.015479523688554764,92.80000305175781,True,S02_alert
S02_alert_000448,17,0.29265087842941284,465,0.018928829580545425,93.0,True,S02_alert
S02_alert_000448,18,0.2878750264644623,466,0.01718093454837799,93.20000457763672,True,S02_alert
S02_alert_000448,19,0.2865133583545685,467,0.012502947822213173,93.4000015258789,True,S02_alert
S02_alert_000448,20,0.2850632667541504,468,0.019204501062631607,93.5999984741211,True,S02_alert
S02_alert_000448,21,0.2843243479728699,469,0.013900185003876686,93.80000305175781,True,S02_alert
S02_alert_000448,22,0.2936478853225708,470,0.010091261938214302,94.0,True,S02_alert
S02_alert_000448,23,0.2983973026275635,471,0.01311598438769579,94.20000457763672,True,S02_alert
S02_alert_000448,24,0.3067004680633545,472,0.013508718460798264,94.4000015258789,True,S02_alert
S02_alert_000448,25,0.2988416254520416,473,0.01303119771182537,94.5999984741211,True,S02_alert
S02_alert_000448,26,0.29446300864219666,474,0.015269250608980656,94.80000305175781,True,S02_alert
S02_alert_000448,27,0.2980371117591858,475,0.012199381366372108,95.0,True,S02_alert
S02_alert_000448,28,0.30568674206733704,476,0.009798924438655376,95.20000457763672,True,S02_alert
S02_alert_000448,29,0.30587533116340637,477,0.011821873486042023,95.4000015258789,True,S02_alert
S02_alert_000448,30,0.2951471209526062,478,0.010530608706176281,95.5999984741211,True,S02_alert
S02_alert_000448,31,0.29386940598487854,479,0.010718080215156078,95.80000305175781,True,S02_alert
S02_alert_000448,32,0.29639932513237,480,0.012791253626346588,96.0,True,S02_alert
S02_alert_000448,33,0.29608526825904846,481,0.007973715662956238,96.20000457763672,True,S02_alert
S02_alert_000448,34,0.2899859845638275,482,0.010527143254876137,96.4000015258789,True,S02_alert
S02_alert_000448,35,0.30343297123908997,483,0.013415179215371609,96.5999984741211,True,S02_alert
S02_alert_000448,36,0.3024035692214966,484,0.015383230522274971,96.80000305175781,True,S02_alert
S02_alert_000448,37,0.29735898971557617,485,0.01365960668772459,97.0,True,S02_alert
S02_alert_000448,38,0.24220937490463257,486,0.0065760537981987,97.20000457763672,True,S02_alert
S02_alert_000448,39,0.2874128818511963,487,0.005832555238157511,97.4000015258789,True,S02_alert
