split,image_path,label,source_class_id,left_ear,right_ear,mean_ear,ear_diff,mar,mar_to_ear,pitch_degrees,yaw_degrees,roll_degrees
train,data\train\images\10000_jpg.rf.48eb73960468fe13ce49fc0dd86bb72f.jpg,0,0,0.49672264725575244,0.6604406635270399,0.5785816553913962,0.16371801627128746,0.0579321556780685,0.10012788193030218,177.92207328995931,-40.4780637473375,8.165062631620765
train,data\train\images\10001_jpg.rf.4a5291f85ab53655852250031c61ca8b.jpg,0,0,0.49047512392518494,0.6689241639845199,0.5796996439548524,0.17844904005933498,0.14168849945206177,0.24441708896943296,179.86557651152893,-43.224143588080906,8.158492742383759
train,data\train\images\10002_jpg.rf.f6f026df26674e7f7c49cd67f5e32336.jpg,0,0,0.4751937042926938,0.58453019626423,0.5298619502784618,0.10933649197153616,0.05605801659761389,0.10579739980980585,179.36942766181258,-39.26310385508034,7.340855644736898
train,data\train\images\10003_jpg.rf.2f88781a5d589e289c6e36e250c1e3f4.jpg,0,0,0.48016030778974383,0.6126369128370144,0.5463986103133791,0.13247660504727055,0.03484721001251539,0.06377616881662504,179.3877564040757,-39.54926987907642,5.470200779634238
train,data\train\images\10004_jpg.rf.a24911caa3f551b6101d7ecf56cf5f5c.jpg,0,0,0.4544257415506628,0.5913569844929916,0.5228913630218271,0.13693124294232878,0.06636563550999086,0.1269205043404409,179.02148827104756,-40.53233836803522,7.142740836057978
train,data\train\images\10005_jpg.rf.ff716690064aadc6f75862a66348b0ea.jpg,0,0,0.47846454148305445,0.6351260283178798,0.5567952849004671,0.15666148683482534,0.06891732974062706,0.12377498806037256,-178.89761130075502,-41.51603070769054,6.5059969783310025
train,data\train\images\10006_jpg.rf.e4107adbec658af6e8835a70a5417bf7.jpg,0,0,0.4342613377825667,0.5210896104710527,0.4776754741268097,0.08682827268848603,0.22575162433815,0.47260459572646835,-179.07749528290003,-34.57557899848526,5.257703823172511
train,data\train\images\10007_jpg.rf.eb420640342c6b897001b438bab6d932.jpg,0,0,0.3926535458584111,0.4606852718741641,0.42666940886628757,0.06803172601575297,0.20049793277023356,0.4699140097786268,-156.88739877677412,-49.28972762684582,168.13703250371805
train,data\train\images\10008_jpg.rf.bee66e2003229a86bc35ff926321ddea.jpg,0,0,0.2517844750016414,0.3344840146407927,0.2931342448212171,0.08269953963915128,0.2109130813115704,0.7195102074826042,-178.05770946514392,-31.241426897272273,5.161062803734566
train,data\train\images\10009_jpg.rf.bef82eea1bd99626dc70655866795661.jpg,0,0,0.4012950515017912,0.47190061199372424,0.4365978317477577,0.07060556049193306,0.11511080487229651,0.2636540919396989,-178.57680475853925,-33.62777756319102,4.287537062542775
train,data\train\images\10011_jpg.rf.9a3e08dd06a77a28d5ea136953d96c86.jpg,0,0,0.37801135479290415,0.45553831427634034,0.4167748345346223,0.07752695948343619,0.21254543010514268,0.5099766408460685,-176.60987354161574,-34.07184745155315,1.6061807329400886
train,data\train\images\10015_jpg.rf.7075721d40f69d95bd3a8ebb0bc1cd27.jpg,0,0,0.44774397152268186,0.5718174161562276,0.5097806938394547,0.12407344463354575,0.1793194234455295,0.35175797281566457,179.408213566954,-39.14159994812041,6.767920990424054
train,data\train\images\10016_jpg.rf.cafac5f77dd842bc91654d1d5f49301a.jpg,0,0,0.4495602744247478,0.5490719339898198,0.4993161042072838,0.09951165956507202,0.25392716886089256,0.5085499280341225,-178.4380844795635,-36.98354204945698,3.661350297341439
train,data\train\images\10017_jpg.rf.2d939885b99557e95f5e57607f7c140c.jpg,0,0,0.4389135149333333,0.5506266462204327,0.494770080576883,0.11171313128709937,0.3814245073885571,0.770912636721749,-178.47340467884928,-40.23256164267967,7.337316071054774
train,data\train\images\10020_jpg.rf.606a0d16e7f29179eb55fc976c97dd4a.jpg,0,0,0.49267219421792646,0.6154807585522144,0.5540764763850704,0.12280856433428794,0.36848350794685597,0.6650408809103969,-178.85148499779092,-40.58089801621915,6.053537106875489
train,data\train\images\10021_jpg.rf.7166a066ff500855064f69c903987cb3.jpg,0,0,0.45476384014885624,0.594047172493178,0.5244055063210171,0.13928333234432172,0.0762441590974333,0.1453916066448778,-176.83404974927853,-37.00207368265183,4.318207707791056
valid,data\valid\images\10010_jpg.rf.9776c8be954825b000106fef91fcf8e8.jpg,0,0,0.4327044616482472,0.4813756736409171,0.45704006764458216,0.04867121199266988,0.11443326250182928,0.2503790599620217,178.11856564842196,-28.35955138412958,2.8886010613952395
valid,data\valid\images\10012_jpg.rf.6d8f4a377f7e4cc4f7809f945d557fea.jpg,0,0,0.4190781734188567,0.49710692161809567,0.45809254751847617,0.07802874819923894,0.04344998050835321,0.09484978689071721,-176.4436035107393,-35.41712001035163,3.4976316294938075
valid,data\valid\images\10018_jpg.rf.17a595706861125e9f30c7139fb5fb0a.jpg,0,0,0.4510092694449864,0.5960190496920607,0.5235141595685235,0.14500978024707423,0.32803496784731767,0.6266019014990571,179.8380886146992,-38.73875105355666,7.021797781532326
valid,data\valid\images\10019_jpg.rf.5d9fdd94eb834c4b587c01edd1d31404.jpg,0,0,0.3606182646209273,0.44772258594450165,0.40417042528271446,0.08710432132357437,0.23164638016754394,0.5731403528734416,179.12240855037012,-38.343784038153416,6.699425563611061
valid,data\valid\images\10025_jpg.rf.f227631eb8e5aa94ea6381faad8c1b03.jpg,0,0,0.35063698977064045,0.2976988342701256,0.32416791202038303,0.05293815550051484,0.1371677778636797,0.423138049070862,172.9683413748698,11.671399665717534,-2.139949577173682
valid,data\valid\images\10028_jpg.rf.3483ffea8b3a40ef4d11e56cd06ebda5.jpg,0,0,0.3563319019327254,0.3429580982343027,0.34964500008351407,0.013373803698422726,0.016409019271521642,0.04693051314219361,172.16258442386143,1.5046350633189423,0.38433807182336116
valid,data\valid\images\10031_jpg.rf.7dfccace30af76a0e33489c3d3b74fe1.jpg,0,0,0.28237042176322436,0.33377898709825815,0.30807470443074125,0.051408565335033796,0.0062805230585179376,0.020386363983122383,167.11375570488028,-9.911847862074183,5.95152722896764
valid,data\valid\images\10032_jpg.rf.959457ae572953c3c63025604fd56cf6.jpg,0,0,0.3643317120855892,0.35775402459394634,0.36104286833976773,0.006577687491642836,0.15949323113996264,0.44175704639557606,170.97351017551878,-0.6068221702912832,0.9269308728743338
valid,data\valid\images\10041_jpg.rf.1b4f4ca973688fe84e0bd528559d7750.jpg,0,0,0.4581807293842392,0.38652259932362415,0.4223516643539317,0.07165813006061506,0.19678036132594068,0.4659159130506901,174.76574685003075,27.949110502442046,-3.4295381412623107
valid,data\valid\images\10042_jpg.rf.f9214abec0f45401f6e3f059df41c0e6.jpg,0,0,0.35044078202427087,0.4137049593985072,0.38207287071138907,0.06326417737423634,0.004291080860569062,0.011231053522798972,169.81467039749882,-21.422870891633103,9.37214537037382
valid,data\valid\images\10051_jpg.rf.267476a5441d41b631ba97fc54266054.jpg,0,0,0.4754627384866403,0.3752570807632538,0.4253599096249471,0.10020565772338647,0.03355830820608276,0.07889391418122162,175.33360473067742,32.467157996511496,-3.7493078587252424
valid,data\valid\images\10052_jpg.rf.5cb9f5edca39dbc30c4a93b70a7d0187.jpg,0,0,0.4529662816001165,0.3694177078829423,0.4111919947415294,0.08354857371717417,0.032303615834764265,0.07856090645701883,174.91772284752693,28.517427172007036,-3.628908479737464
valid,data\valid\images\10061_jpg.rf.fe9e9abfc9216899a18522917136c9ce.jpg,0,0,0.40728502208047107,0.3308861222692674,0.36908557217486926,0.07639889981120368,0.16978429209401363,0.46001335433824936,178.88847762084777,29.10142692731386,-2.641764525488518
valid,data\valid\images\10066_jpg.rf.f0648352402b9f4d33014aacac04029b.jpg,0,0,0.4428872485068138,0.4978032814452917,0.4703452649760528,0.054916032938477854,0.013308582722628307,0.0282953475109522,178.9604388745872,-35.11346532736028,5.888103905136092
valid,data\valid\images\10067_jpg.rf.6025c9b432adee5d450507073bb91068.jpg,0,0,0.3466559344760193,0.8676855207396857,0.6071707276078525,0.5210295862636665,0.06794585057186804,0.11190567575542207,175.21660709210153,-49.75478758002012,6.855927842167544
valid,data\valid\images\10078_jpg.rf.c3b4d90ad0e40ed33041d37d3faa9b6c.jpg,0,0,0.41555566964681756,0.5147927775452662,0.4651742235960419,0.09923710789844864,0.01614696412971114,0.03471164847632055,-178.68084089847352,-36.7288917315373,2.2311483095347446
test,data\test\images\10013_jpg.rf.c1fac9400faa5279278fee614efb3c1f.jpg,0,0,0.42835336094248555,0.5270921820066251,0.47772277147455533,0.09873882106413956,0.07706478455919001,0.16131695862292525,179.74100145995845,-36.300315456170345,4.68330049096626
test,data\test\images\10014_jpg.rf.d88ed30d04d2ee56eb3ebe1842ea915d.jpg,0,0,0.4572621200753327,0.5732856735332388,0.5152738968042857,0.1160235534579061,0.26797906039165353,0.5200710962725885,179.17060347005003,-39.0958827324926,5.467012025614439
test,data\test\images\10047_jpg.rf.86f492a9b315351ddfe08f50c963de3b.jpg,0,0,0.46865046890297063,0.3704801566510386,0.4195653127770046,0.09817031225193201,0.016119310391558003,0.038419073027910866,177.78010857216765,32.29900515960823,-1.81941801261315
test,data\test\images\10058_jpg.rf.46eadd3bff7686d344c65e7d0cf7a4c4.jpg,0,0,0.7152257632262852,0.3365520515848877,0.5258889074055865,0.37867371164139746,0.18430576175855984,0.35046520123006875,172.06195086756523,43.266592977178924,-10.279695634791963
test,data\test\images\10060_jpg.rf.809099bb238e8254b22602d626fbad5e.jpg,0,0,0.4937140437183021,0.33709949524692645,0.41540676948261424,0.15661454847137563,0.2083893009921527,0.5016511917985831,176.22173180770687,31.48571909151392,-5.418322163822326
test,data\test\images\10097_jpg.rf.fd0a4529abfea10a7c493ab4d89f097b.jpg,0,0,0.3955019124355546,0.5101123670712425,0.4528071397533986,0.11461045463568792,0.20289351918696186,0.44807932864631694,179.76147238983776,-35.18516921335777,4.979740473670445
test,data\test\images\10103_jpg.rf.e1b7b2b9c2ad97ac560def160457a230.jpg,0,0,0.27081317670342214,0.44589823141541146,0.3583557040594168,0.17508505471198932,0.11387364603724717,0.31776708099605544,158.87688855859213,-48.83703851433957,15.91246165630318
test,data\test\images\10121_jpg.rf.a58670a6c0485edde7eb71af4297d21e.jpg,0,0,0.352072510683497,0.4059728742694824,0.3790226924764897,0.053900363585985434,0.12796603864412895,0.33762104798531695,177.2446950059814,-30.762300609124726,12.215466120009902
test,data\test\images\10140_jpg.rf.2071b3f6ad46fdbe3cdd20615b783e0a.jpg,0,0,0.3544568193031426,0.44351473777211786,0.39898577853763023,0.08905791846897526,0.021747811890948057,0.05450773701924546,-178.45937284824572,-24.618910018013292,-3.4784241856420257
test,data\test\images\10143_jpg.rf.803622faef47d132b68fbd7e330ab22a.jpg,0,0,0.5186742872322283,0.36765381560059307,0.4431640514164107,0.15102047163163523,0.012686525929934338,0.028627154863727168,171.90944030823684,36.92455473351249,-7.454686869171017
test,data\test\images\10147_jpg.rf.f7d8e51aa956226674a05913b8f2c38e.jpg,0,0,0.4002069637997749,0.3972620912804481,0.3987345275401115,0.002944872519326791,0.19677280231695188,0.4934932611200998,167.57802985943886,-0.7754937032063569,-1.9392159898106935
test,data\test\images\117_jpg.rf.b96187674257fc3a42f95c06d924f16c.jpg,1,1,0.2934421024379086,0.3973820835624501,0.34541209300017933,0.1039399811245415,0.5492361020852473,1.5900893837117687,-169.4163433084661,-58.546804609835156,166.475428733896
test,data\test\images\1246_jpg.rf.1c642e2ac9b0f67f483b935c76323267.jpg,1,1,0.34016728488949943,0.3498804724598431,0.34502387867467127,0.009713187570343673,0.33756186135958793,0.9783724612228378,167.89953630118347,-10.967089143692133,5.628668375127071
test,data\test\images\1251_jpg.rf.a2fc977626411ca2d8cbe2b12a81f158.jpg,1,1,0.3287857521209755,0.34644526697146716,0.3376155095462213,0.017659514850491664,0.520844569519312,1.54271517389519,165.57646684347398,-8.478667073427586,4.828891086386754
test,data\test\images\1257_jpg.rf.c980bf5201c198097d8892f3955eda14.jpg,1,1,0.37861438169291256,0.5005755952463399,0.4395949884696262,0.12196121355342732,0.07438394350946194,0.16921017177292388,175.43360716512024,-28.74821882394308,3.0796178623090453
test,data\test\images\1272_jpg.rf.780f32a51cd4a5718149294befe37b0e.jpg,1,1,0.09612189921419793,0.2023317631926016,0.14922683120339977,0.10620986397840367,0.12388719142117477,0.8301938091301659,176.6147223990843,-29.25299264810024,2.3737330019757104
